"","Community","SPA","SD","CD","ca_ssd","ca_sad","us_cd","DemogSurvCt","YouthSurvCt","SheltHmisCt","totStreetSingAdult","totStreetFamHH","totStreetFamMem","totCars","totVans","totCampers","totTents","totEncamp","totCarPeople","totVanPeople","totCamperPeople","totTentPeople","totEncampPeople","FamCarHH","FamVanHH","FamCamperHH","FamTentHH","FamEncampHH","FamCarPeople","FamVanPeople","FamCamperPeople","FamTentPeople","FamEncampPeople","IndCarPeople","IndVanPeople","IndCamperPeople","IndTentPeople","IndEncampPeople","totYouthFamHH","totESAdultSingAdult","totESAdultFamHH","totESAdultFamMem","totESYouthSingYouth","totESYouthFamHH","totESYouthFamMem","totESYouthUnaccYouth","totTHAdultSingAdult","totTHAdultFamHH","totTHAdultFamMem","totTHYouthSingYouth","totTHYouthFamHH","totTHYouthFamMem","totTHYouthUnaccYouth","totSHAdultSingAdult","totSHAdultFamHH","totSHAdultFamMem","totSHYouthSingYouth","totSHYouthFamHH","totSHYouthFamMem","totSHYouthUnaccYouth","totUnsheltPeople","totESPeople","totTHPeople","totSHPeople","totSheltPeople","totPeople","count_311","count_crime"
"1","Adams",6,2,8,30,53,37,15,7,8,75,1,2,22,15,43,36,22,34.995,27.121,90.078,61.301,42.363,1.126,0.325,1.362,0.205,0.124,3.331,1.125,4.78,0.773,0.456,31.662,25.996,85.3,60.526,41.909,0,0,65,186,0,0,0,0,0,0,0,5,0,0,0,0,0,0,0,0,0,0,332.858,186,5,0,191,523.858,112,29
"2","Adams-La Brea",6,2,10,30,54,37,0,1,0,43,0,0,9,11,21,3,4,14.316,19.888,43.993,5.109,7.703,0.461,0.238,0.665,0.017,0.023,1.363,0.825,2.336,0.064,0.083,12.953,19.064,41.657,5.044,7.62,0,0,0,0,0,0,0,0,0,0,0,0,0,0,0,0,0,0,0,0,0,0,134.009,0,0,0,0,134.009,111,21
"3","Agoura Hills",2,3,0,27,50,33,0,0,0,9,0,0,2,1,3,1,4,3.181,1.808,6.285,1.703,7.702,0.102,0.022,0.095,0.006,0.022,0.303,0.075,0.334,0.021,0.083,2.878,1.733,5.951,1.681,7.62,0,0,0,0,0,0,0,0,0,0,0,0,0,0,0,0,0,0,0,0,0,0,29.679,0,0,0,0,29.679,0,0
"4","Agua Dulce",2,5,0,21,36,25,0,0,0,13,0,0,5,2,5,4,2,7.954,3.616,10.475,6.812,3.852,0.256,0.044,0.159,0.022,0.012,0.756,0.15,0.555,0.086,0.042,7.196,3.466,9.919,6.726,3.81,0,0,0,0,0,0,0,0,0,0,0,0,0,0,0,0,0,0,0,0,0,0,45.709,0,0,0,0,45.709,0,0
"5","Alhambra",3,5,0,22,49,27,0,0,16,24,0,0,10,3,4,1,10,15.907,5.424,8.38,1.703,19.256,0.511,0.066,0.127,0.006,0.056,1.514,0.225,0.444,0.021,0.206,14.391,5.199,7.935,1.681,19.05,0,0,0,0,0,0,0,0,0,0,0,14,0,0,0,0,0,0,0,0,0,0,74.67,0,14,0,14,88.67,0,0
"6","Alondra Park",8,2,0,35,66,43,0,0,0,6,0,0,2,0,1,1,1,3.181,0,2.095,1.703,1.926,0.102,0,0.032,0.006,0.006,0.303,0,0.111,0.021,0.021,2.878,0,1.984,1.681,1.905,0,0,0,0,0,0,0,0,0,0,0,0,0,0,0,0,0,0,0,0,0,0,14.905,0,0,0,0,14.905,0,0
"7","Altadena",3,5,0,25,41,27,9,0,0,11,0,0,4,2,7,1,1,6.363,3.616,14.664,1.703,1.926,0.205,0.044,0.223,0.006,0.006,0.605,0.15,0.778,0.021,0.021,5.757,3.466,13.887,1.681,1.905,0,0,0,0,2,0,0,0,0,0,0,23,0,0,0,0,0,0,0,0,0,0,39.272,2,23,0,25,64.272,0,0
"8","Angeles National Forest",2,3,7,25,39,28,0,0,0,56,0,0,11,3,7,17,6,17.497,5.424,14.664,28.948,11.554,0.563,0.065,0.222,0.097,0.034,1.666,0.225,0.778,0.365,0.124,15.831,5.199,13.886,28.582,11.43,0,0,0,0,0,0,0,0,11,50,169,2,6,16,0,0,0,0,0,0,0,0,134.087,0,198,0,198,332.087,3,0
"9","Arcadia",3,5,0,22,49,27,0,0,0,1,0,0,2,1,2,0,2,3.182,1.808,4.19,0,3.852,0.102,0.022,0.063,0,0.012,0.302,0.075,0.222,0,0.042,2.878,1.733,3.967,0,3.81,0,0,0,0,0,0,0,0,0,0,0,0,0,0,0,0,0,0,0,0,0,0,14.032,0,0,0,0,14.032,0,0
"10","Arleta",2,3,6,18,39,29,2,0,0,15,0,0,2,1,8,3,15,3.182,1.808,16.76,5.108,28.884,0.102,0.022,0.254,0.017,0.085,0.302,0.075,0.889,0.064,0.31,2.878,1.733,15.87,5.044,28.573,0,0,0,0,0,0,0,0,0,0,0,0,0,0,0,0,0,0,0,0,0,0,70.742,0,0,0,0,70.742,131,2
"11","Artesia",7,4,0,32,58,38,0,0,0,4,0,0,0,1,0,0,1,0,1.808,0,0,1.926,0,0.022,0,0,0.006,0,0.075,0,0,0.021,0,1.733,0,0,1.905,0,0,0,0,0,0,0,0,0,0,0,0,0,0,0,0,0,0,0,0,0,0,7.734,0,0,0,0,7.734,0,0
"12","Atwater Village",4,1,13,24,43,28,0,0,0,13,1,4,6,8,13,3,2,9.544,14.465,27.234,5.109,3.851,0.306,0.173,0.412,0.017,0.011,0.908,0.6,1.445,0.064,0.041,8.634,13.865,25.788,5.044,3.81,0,0,0,0,0,0,0,0,0,0,0,0,0,0,0,0,0,0,0,0,0,0,77.203,0,0,0,0,77.203,45,8
"13","Avalon",8,4,0,26,70,47,0,0,0,6,0,0,0,0,0,0,0,0,0,0,0,0,0,0,0,0,0,0,0,0,0,0,0,0,0,0,0,0,0,0,0,0,0,0,0,0,0,0,0,0,0,0,0,0,0,0,0,0,0,6,0,0,0,0,6,0,0
"14","Avocado Heights",3,1,0,22,57,32,53,0,88,12,0,0,0,0,3,7,10,0,0,6.285,11.919,19.256,0,0,0.095,0.04,0.056,0,0,0.334,0.15,0.207,0,0,5.951,11.769,19.049,0,10,0,0,0,0,0,0,0,0,0,0,0,0,0,0,0,0,0,0,0,0,49.46,10,0,0,10,59.46,0,0
"15","Azusa",3,1,0,22,48,32,7,2,15,67,0,0,11,0,19,4,6,17.497,0,39.804,6.812,11.555,0.563,0,0.602,0.023,0.035,1.665,0,2.113,0.085,0.125,15.831,0,37.69,6.725,11.43,0,0,0,0,0,0,0,0,0,0,0,0,0,0,0,0,0,0,0,0,0,0,142.668,0,0,0,0,142.668,0,0
"16","Baldwin Hills / Crenshaw",6,2,10,30,54,37,16,9,40,52,0,0,35,32,64,12,44,55.673,57.858,134.071,20.434,84.725,1.791,0.694,2.026,0.068,0.248,5.299,2.4,7.116,0.257,0.908,50.371,55.459,126.956,20.176,83.815,0,0,0,0,21,0,0,0,5,1,2,7,0,0,0,0,0,0,0,0,0,0,404.761,21,14,0,35,439.761,198,28
"17","Baldwin Park",3,1,0,22,48,32,14,1,0,45,0,0,7,14,20,0,10,11.135,25.312,41.899,0,19.257,0.357,0.305,0.635,0,0.057,1.059,1.05,2.223,0,0.207,10.073,24.264,39.675,0,19.05,1.267,0,0,0,0,0,0,0,0,0,0,0,0,0,0,0,0,0,0,0,0,0,142.603,0,0,0,0,142.603,0,0
"18","Bel Air-Beverly Crest",4,3,4,26,50,28,0,0,0,2,0,0,0,1,2,0,0,0,1.808,4.19,0,0,0,0.022,0.064,0,0,0,0.075,0.222,0,0,0,1.733,3.968,0,0,0,0,0,0,0,0,0,0,0,0,0,0,0,0,0,0,0,0,0,0,0,0,7.998,0,0,0,0,7.998,20,1
"19","Bell",7,1,0,33,63,40,13,0,0,26,0,0,0,4,0,9,12,0,7.232,0,15.325,23.107,0,0.087,0,0.051,0.067,0,0.3,0,0.193,0.248,0,6.932,0,15.132,22.859,0,0,0,0,0,0,0,0,0,0,0,0,0,0,0,0,0,0,0,0,0,0,71.664,0,0,0,0,71.664,0,0
"20","Bell Gardens",7,1,0,33,58,40,51,0,0,21,0,0,8,8,17,0,5,12.726,14.464,35.614,0,9.628,0.408,0.174,0.539,0,0.028,1.21,0.6,1.889,0,0.103,11.512,13.864,33.723,0,9.525,0,0,0,0,0,0,0,0,0,0,0,0,0,0,0,0,0,0,0,0,0,0,93.432,0,0,0,0,93.432,0,0
"21","Bellflower",7,4,0,32,58,40,54,6,0,33,2,7,14,11,6,2,17,22.269,19.888,12.57,3.406,32.735,0.716,0.24,0.191,0.011,0.096,2.119,0.825,0.666,0.043,0.351,20.148,19.064,11.903,3.363,32.384,0,0,0,0,0,0,0,0,20,4,9,2,2,4,0,0,0,0,0,0,0,0,130.868,0,35,0,35,165.868,0,0
"22","Beverly Hills",5,3,0,26,50,33,0,0,0,22,0,0,1,0,1,0,3,1.591,0,2.095,0,5.777,0.051,0,0.032,0,0.017,0.151,0,0.111,0,0.062,1.439,0,1.984,0,5.715,0,0,0,0,0,0,0,0,0,0,0,0,0,0,0,0,0,0,0,0,0,0,31.463,0,0,0,0,31.463,0,1
"23","Boyle Heights",4,1,14,24,51,34,55,8,180,103,1,2,26,25,48,18,48,41.358,45.201,100.553,30.651,92.426,1.33,0.543,1.52,0.104,0.269,3.936,1.875,5.335,0.385,0.991,37.418,43.327,95.218,30.262,91.435,0,53,54,184,15,2,7,0,0,5,14,8,1,2,0,0,0,0,0,0,0,0,415.189,259,24,0,283,698.189,275,31
"24","Bradbury",3,5,0,25,48,27,0,0,0,0,0,0,0,0,0,0,0,0,0,0,0,0,0,0,0,0,0,0,0,0,0,0,0,0,0,0,0,0,0,0,0,0,0,0,0,0,0,0,0,0,0,0,0,0,0,0,0,0,0,0,0,0,0,0,0,0,0
"25","Brentwood",5,3,11,26,50,33,0,0,0,11,0,0,1,6,4,1,4,1.591,10.848,8.38,1.703,7.703,0.051,0.131,0.127,0.006,0.023,0.151,0.45,0.445,0.021,0.083,1.439,10.398,7.935,1.681,7.62,0,0,0,0,0,0,0,0,0,0,0,0,0,0,0,0,0,0,0,0,0,0,41.225,0,0,0,0,41.225,22,4
"26","Burbank",2,5,0,25,43,28,5,1,0,61,0,0,12,13,19,6,18,19.089,23.504,39.804,10.217,34.661,0.612,0.284,0.602,0.034,0.102,1.815,0.975,2.11,0.129,0.373,17.268,22.529,37.69,10.088,34.288,0,0,0,0,0,0,0,0,11,7,25,5,0,0,0,0,0,0,0,0,0,0,188.275,0,41,0,41,229.275,1,0
"27","Calabasas",2,3,0,27,45,33,0,0,0,4,0,0,1,0,0,0,0,1.591,0,0,0,0,0.051,0,0,0,0,0.151,0,0,0,0,1.439,0,0,0,0,0,0,0,0,0,0,0,0,0,0,0,0,0,0,0,0,0,0,0,0,0,0,5.591,0,0,0,0,5.591,0,0
"28","Calabasas and Hidden Hills",2,3,0,27,45,30,0,0,0,0,0,0,0,0,0,0,0,0,0,0,0,0,0,0,0,0,0,0,0,0,0,0,0,0,0,0,0,0,0,0,0,0,0,0,0,0,0,0,0,0,0,0,0,0,0,0,0,0,0,0,0,0,0,0,0,0,0
"29","Canoga Park",2,5,3,27,45,30,10,0,18,24,0,0,4,10,37,1,16,6.363,18.08,77.511,1.703,30.809,0.205,0.218,1.172,0.006,0.089,0.605,0.75,4.113,0.021,0.331,5.757,17.332,73.397,1.681,30.48,0,0,0,0,0,0,0,0,0,0,0,0,0,0,0,0,0,0,0,0,0,0,158.466,0,0,0,0,158.466,208,11
"30","Canyon Country",2,5,0,21,38,25,1,0,0,0,0,0,3,0,0,0,0,4.772,0,0,0,0,0.154,0,0,0,0,0.454,0,0,0,0,4.318,0,0,0,0,0,0,0,0,0,0,0,0,0,0,0,0,0,0,0,0,0,0,0,0,0,0,4.772,0,0,0,0,4.772,0,0
"31","Carson",8,2,0,35,64,44,9,0,0,39,0,0,13,21,74,26,42,20.679,37.969,155.022,44.272,80.872,0.665,0.457,2.341,0.148,0.235,1.967,1.575,8.226,0.559,0.866,18.709,36.395,146.791,43.714,80.006,0,0,0,0,0,0,0,0,0,0,0,0,0,0,0,0,0,0,0,0,0,0,377.814,0,0,0,0,377.814,0,0
"32","Central Alameda",6,2,9,33,59,40,2,2,0,49,0,0,59,31,6,3,20,93.849,56.051,12.57,5.108,38.512,3.021,0.673,0.189,0.017,0.113,8.936,2.325,0.666,0.064,0.413,84.913,53.727,11.901,5.044,38.099,0,0,0,0,0,0,0,0,0,0,0,0,0,0,0,0,0,0,0,0,0,0,255.09,0,0,0,0,255.09,86,11
"33","Cerritos",7,4,0,32,58,38,0,0,0,17,0,0,5,3,3,8,8,7.953,5.424,6.285,13.622,15.404,0.255,0.066,0.096,0.046,0.045,0.757,0.225,0.333,0.171,0.165,7.195,5.199,5.952,13.45,15.239,0,0,0,0,0,0,0,0,0,0,0,0,0,0,0,0,0,0,0,0,0,0,65.688,0,0,0,0,65.688,0,0
"34","Charter Oak",3,5,0,22,48,32,0,0,0,1,0,0,4,1,8,1,2,6.362,1.808,16.759,1.703,3.851,0.204,0.022,0.254,0.006,0.011,0.606,0.075,0.889,0.021,0.041,5.756,1.733,15.87,1.681,3.81,0,0,0,0,0,0,0,0,0,0,0,0,0,0,0,0,0,0,0,0,0,0,31.483,0,0,0,0,31.483,0,0
"35","Chatsworth",2,5,12,27,38,30,17,1,0,1,0,0,7,7,57,5,0,11.134,12.656,119.406,8.514,0,0.357,0.152,1.806,0.029,0,1.06,0.525,6.337,0.107,0,10.073,12.131,113.071,8.406,0,0,0,63,180,0,0,0,0,2,0,0,9,0,0,0,0,0,0,0,0,0,0,152.71,180,11,0,191,343.71,488,9
"36","Chinatown",4,1,1,24,51,34,54,17,0,97,0,0,5,8,2,56,47,7.953,14.464,4.19,95.356,90.5,0.255,0.173,0.063,0.319,0.263,0.757,0.6,0.222,1.203,0.97,7.195,13.865,3.967,94.152,89.529,0,0,0,0,0,0,0,0,0,0,0,0,0,0,0,0,0,0,0,0,0,0,309.463,0,0,0,0,309.463,67,44
"37","Citrus",3,1,0,22,48,32,4,0,0,7,0,0,0,1,0,0,0,0,1.808,0,0,0,0,0.022,0,0,0,0,0.075,0,0,0,0,1.733,0,0,0,0,0,0,0,0,0,0,0,0,0,0,0,0,0,0,0,0,0,0,0,0,0,8.808,0,0,0,0,8.808,0,0
"38","Claremont",3,1,0,25,41,27,6,0,0,3,0,0,1,0,0,0,1,1.591,0,0,0,1.926,0.051,0,0,0,0.006,0.151,0,0,0,0.021,1.439,0,0,0,1.905,0,12,0,0,0,0,0,0,0,0,0,0,0,0,0,0,0,0,0,0,0,0,6.517,12,0,0,12,18.517,0,0
"39","Commerce",7,1,0,32,58,40,0,0,298,2,0,0,6,4,25,1,2,9.544,7.232,52.372,1.703,3.852,0.307,0.087,0.792,0.006,0.012,0.908,0.3,2.78,0.021,0.042,8.635,6.932,49.593,1.681,3.81,0,238,0,0,6,0,0,0,101,0,0,0,0,0,0,0,0,0,0,0,0,0,76.703,244,101,0,345,421.703,0,0
"40","Compton",6,2,0,35,64,44,41,14,0,63,0,0,25,39,71,2,17,39.766,70.516,148.735,3.406,32.737,1.279,0.848,2.25,0.012,0.097,3.785,2.925,7.895,0.042,0.353,35.979,67.592,140.844,3.362,32.385,0,0,56,160,0,0,0,0,0,13,36,0,0,0,0,0,0,0,0,0,0,0,358.16,160,36,0,196,554.16,0,0
"41","Covina",3,5,0,29,55,32,0,1,4,28,0,0,13,5,5,0,3,20.679,9.04,10.475,0,5.778,0.665,0.109,0.159,0,0.018,1.968,0.375,0.556,0,0.063,18.709,8.665,9.919,0,5.715,0,0,0,0,0,0,0,0,0,2,6,0,0,0,0,0,0,0,0,0,0,0,73.972,0,6,0,6,79.972,0,0
"42","Cudahy",7,1,0,33,63,40,16,0,0,14,0,0,1,0,1,0,2,1.591,0,2.095,0,3.851,0.051,0,0.032,0,0.011,0.151,0,0.111,0,0.041,1.439,0,1.984,0,3.81,0,0,49,140,0,0,0,0,0,0,0,0,0,0,0,0,0,0,0,0,0,0,21.537,140,0,0,140,161.537,0,0
"43","Culver City",5,2,0,30,54,37,6,1,56,46,1,4,20,25,20,1,7,31.813,45.202,41.898,1.703,13.48,1.023,0.543,0.634,0.006,0.04,3.029,1.875,2.224,0.021,0.145,28.783,43.328,39.674,1.681,13.335,0,0,13,38,0,1,4,0,0,0,0,0,0,0,0,0,0,0,0,0,0,0,184.096,42,0,0,42,226.096,3,0
"44","Cypress Park",4,1,1,24,51,34,0,0,0,4,0,0,5,11,13,0,0,7.953,19.888,27.233,0,0,0.256,0.239,0.412,0,0,0.757,0.825,1.445,0,0,7.196,19.064,25.788,0,0,0,0,0,0,0,0,0,0,0,0,0,0,0,0,0,0,0,0,0,0,0,0,59.074,0,0,0,0,59.074,21,7
"45","Del Aire",8,2,0,35,62,43,0,0,0,9,0,0,2,4,6,0,0,3.181,7.232,12.569,0,0,0.102,0.087,0.19,0,0,0.303,0.3,0.667,0,0,2.878,6.933,11.902,0,0,0,0,0,0,0,0,0,0,0,0,0,0,0,0,0,0,0,0,0,0,0,0,31.982,0,0,0,0,31.982,0,0
"46","Del Rey",5,2,11,26,54,37,7,0,0,22,0,0,6,13,57,4,10,9.545,23.504,119.406,6.812,19.256,0.306,0.282,1.805,0.023,0.056,0.907,0.975,6.337,0.085,0.206,8.634,22.53,113.07,6.725,19.05,0,0,0,0,0,0,0,0,0,0,0,0,0,0,0,0,0,0,0,0,0,0,200.523,0,0,0,0,200.523,59,3
"47","Diamond Bar",3,4,0,29,55,39,0,0,0,2,0,0,0,0,1,0,0,0,0,2.095,0,0,0,0,0.032,0,0,0,0,0.111,0,0,0,0,1.984,0,0,0,0,0,0,0,0,0,0,0,0,0,0,0,0,0,0,0,0,0,0,0,0,4.095,0,0,0,0,4.095,0,0
"48","Downey",7,4,0,32,58,40,3,2,0,38,0,0,19,2,5,12,11,30.223,3.616,10.475,20.434,21.183,0.972,0.043,0.16,0.069,0.063,2.877,0.15,0.555,0.257,0.228,27.344,3.466,9.92,20.175,20.954,0,0,0,0,0,0,0,0,0,0,0,0,0,0,0,0,0,0,0,0,0,0,123.931,0,0,0,0,123.931,0,0
"49","Downtown Los Angeles",4,1,14,24,53,34,252,28,106,582,1,3,12,15,16,175,167,19.088,27.122,33.517,297.986,321.563,0.614,0.326,0.508,0.997,0.937,1.817,1.125,1.779,3.759,3.446,17.27,25.997,31.74,294.229,318.114,1.455,0,49,133,3,6,13,0,0,0,0,0,0,0,0,0,0,0,0,0,0,0,1284.276,149,0,0,149,1433.276,1686,250
"50","Duarte",3,5,0,25,48,32,30,0,0,9,1,6,0,4,4,0,1,0,7.232,8.379,0,1.926,0,0.087,0.127,0,0.006,0,0.3,0.445,0,0.021,0,6.932,7.935,0,1.905,0,0,0,0,0,0,0,0,0,0,0,0,0,0,0,0,0,0,0,0,0,0,32.537,0,0,0,0,32.537,0,0
"51","Eagle Rock",4,1,14,24,51,34,4,6,0,24,0,0,18,20,50,25,14,28.634,36.161,104.742,42.57,26.96,0.92,0.434,1.585,0.142,0.08,2.723,1.5,5.559,0.537,0.29,25.904,34.662,99.185,42.033,26.67,0,0,0,0,0,0,0,0,0,0,0,0,0,0,0,0,0,0,0,0,0,0,263.067,0,0,0,0,263.067,341,18
"52","East Los Angeles",7,1,0,24,51,40,31,9,0,68,0,0,21,61,76,15,37,33.407,110.295,159.211,25.543,71.249,1.073,1.324,2.406,0.084,0.209,3.177,4.575,8.448,0.321,0.765,30.221,105.72,150.759,25.221,70.484,0,0,37,106,0,0,0,0,0,0,0,0,0,0,0,0,0,0,0,0,0,0,467.705,106,0,0,106,573.705,0,0
"53","East Pasadena",3,5,0,22,41,27,0,0,0,2,0,0,0,4,0,0,4,0,7.232,0,0,7.702,0,0.087,0,0,0.022,0,0.3,0,0,0.083,0,6.933,0,0,7.62,0,0,0,0,0,0,0,0,0,0,0,0,0,0,0,0,0,0,0,0,0,0,16.934,0,0,0,0,16.934,0,0
"54","East San Gabriel",3,5,0,22,49,27,0,0,0,5,0,0,1,2,0,0,1,1.591,3.616,0,0,1.926,0.051,0.043,0,0,0.006,0.151,0.15,0,0,0.021,1.439,3.466,0,0,1.905,0,0,3,13,0,0,0,0,0,0,0,0,0,0,0,0,0,0,0,0,0,0,12.133,13,0,0,13,25.133,0,0
"55","Echo Park",4,1,13,24,51,28,33,2,46,79,0,0,13,29,40,44,25,20.68,52.434,83.796,74.922,48.14,0.665,0.63,1.266,0.252,0.142,1.967,2.175,4.448,0.942,0.517,18.709,50.26,79.347,73.976,47.622,0,0,0,0,0,0,0,0,264,33,105,0,6,17,0,0,0,0,0,0,0,0,358.972,0,386,0,386,744.972,388,37
"56","El Monte",3,1,0,22,49,32,16,0,0,94,0,0,29,11,12,4,23,46.131,19.889,25.139,6.812,44.289,1.483,0.24,0.38,0.023,0.13,4.389,0.825,1.333,0.085,0.476,41.735,19.064,23.804,6.725,43.813,0,8,85,242,0,0,0,0,17,0,0,6,0,0,0,0,0,0,0,0,0,0,236.26,250,23,0,273,509.26,0,0
"57","El Segundo",8,4,0,26,62,33,0,0,0,1,0,0,2,5,5,1,0,3.181,9.04,10.474,1.703,0,0.102,0.109,0.158,0.006,0,0.303,0.375,0.556,0.021,0,2.878,8.666,9.918,1.681,0,0,0,0,0,0,0,0,0,0,0,0,0,0,0,0,0,0,0,0,0,0,0,25.398,0,0,0,0,25.398,0,0
"58","El Sereno",4,1,14,24,51,34,10,2,0,21,0,0,15,4,46,1,6,23.862,7.232,96.364,1.703,11.555,0.768,0.088,1.458,0.006,0.035,2.27,0.3,5.114,0.021,0.125,21.588,6.932,91.25,1.681,11.43,0,0,24,69,0,0,0,0,0,0,0,0,0,0,0,0,0,0,0,0,0,0,161.716,69,0,0,69,230.716,190,15
"59","Elysian Valley",4,1,13,24,51,28,0,0,0,7,0,0,6,2,5,0,2,9.544,3.616,10.474,0,3.851,0.307,0.044,0.159,0,0.011,0.909,0.15,0.556,0,0.041,8.635,3.466,9.919,0,3.81,0,0,0,0,0,0,0,0,0,0,0,0,0,0,0,0,0,0,0,0,0,0,34.485,0,0,0,0,34.485,22,1
"60","Encino",2,3,5,27,45,30,0,0,0,10,0,0,2,1,4,1,5,3.181,1.808,8.38,1.703,9.629,0.102,0.022,0.127,0.006,0.029,0.303,0.075,0.444,0.021,0.104,2.878,1.733,7.935,1.681,9.525,0,0,0,0,0,0,0,0,0,0,0,0,0,0,0,0,0,0,0,0,0,0,34.701,0,0,0,0,34.701,183,10
"61","Florence-Graham",7,2,0,33,59,40,61,2,0,98,1,2,45,43,86,2,28,71.581,77.749,180.159,3.406,53.916,2.302,0.933,2.723,0.011,0.156,6.812,3.225,9.561,0.043,0.578,64.762,74.524,170.597,3.363,53.338,0,0,21,60,0,0,0,0,0,0,0,0,0,0,0,0,0,0,0,0,0,0,486.811,60,0,0,60,546.811,4,0
"62","Foothill Trails",2,5,7,25,39,28,25,0,0,40,0,0,5,3,11,1,24,7.953,5.424,23.044,1.703,46.213,0.256,0.065,0.348,0.006,0.134,0.757,0.225,1.223,0.021,0.496,7.196,5.199,21.82,1.681,45.718,0,0,0,0,0,0,0,0,0,0,0,0,0,0,0,0,0,0,0,0,0,0,124.337,0,0,0,0,124.337,162,8
"63","Gardena",8,2,0,35,62,43,26,0,0,22,0,0,5,8,11,0,2,7.953,14.465,23.044,0,3.852,0.256,0.174,0.349,0,0.012,0.757,0.6,1.223,0,0.042,7.196,13.865,21.821,0,3.81,0,161,0,0,0,0,0,0,0,0,0,5,0,0,0,0,0,0,0,0,0,0,71.314,161,5,0,166,237.314,0,0
"64","Glassell Park",4,1,14,24,51,34,0,0,0,2,0,0,1,8,34,1,5,1.591,14.465,71.225,1.703,9.628,0.051,0.174,1.076,0.006,0.028,0.151,0.6,3.78,0.021,0.104,1.439,13.865,67.447,1.681,9.525,0,0,0,0,0,0,0,0,0,0,0,0,0,0,0,0,0,0,0,0,0,0,100.612,0,0,0,0,100.612,23,4
"65","Glendora",3,5,0,25,48,27,1,1,624,8,0,0,3,0,3,0,3,4.772,0,6.285,0,5.777,0.154,0,0.095,0,0.017,0.454,0,0.334,0,0.062,4.318,0,5.951,0,5.715,0,190,0,0,11,0,0,0,0,0,0,0,0,0,0,0,0,0,0,0,0,0,24.834,201,0,0,201,225.834,0,0
"66","Granada Hills",2,5,12,18,38,30,7,0,0,28,1,3,11,3,13,3,5,17.497,5.424,27.234,5.109,9.629,0.562,0.065,0.412,0.018,0.029,1.666,0.225,1.444,0.063,0.104,15.83,5.199,25.789,5.043,9.525,0,0,0,0,0,0,0,0,0,0,0,0,0,0,0,0,0,0,0,0,0,0,95.893,0,0,0,0,95.893,164,12
"67","Green Meadows",6,2,9,30,59,43,69,17,9,91,0,0,26,24,108,46,14,41.357,43.394,226.246,78.328,26.959,1.33,0.52,3.42,0.262,0.08,3.937,1.8,12.006,0.988,0.29,37.418,41.594,214.239,77.339,26.669,0,0,0,0,0,0,0,0,0,0,0,24,0,0,0,0,0,0,0,0,0,0,507.284,0,24,0,24,531.284,165,43
"68","Hacienda Heights",3,4,0,32,57,39,3,0,0,14,0,0,10,1,2,0,6,15.906,1.808,4.19,0,11.554,0.512,0.022,0.064,0,0.034,1.514,0.075,0.222,0,0.125,14.392,1.733,3.968,0,11.43,0,0,0,0,0,0,0,0,0,0,0,0,0,0,0,0,0,0,0,0,0,0,47.458,0,0,0,0,47.458,0,0
"69","Harbor City",8,4,15,35,66,43,16,0,0,19,0,0,2,7,28,2,7,3.182,12.656,58.657,3.406,13.479,0.102,0.153,0.886,0.012,0.039,0.302,0.525,3.113,0.042,0.145,2.878,12.132,55.544,3.362,13.335,0,0,0,0,0,0,0,0,0,0,0,0,0,0,0,0,0,0,0,0,0,0,110.38,0,0,0,0,110.38,37,19
"70","Harbor Gateway",6,2,15,30,64,43,1,1,0,55,0,0,12,4,21,11,28,19.089,7.232,43.993,18.731,53.916,0.614,0.088,0.665,0.063,0.157,1.816,0.3,2.334,0.236,0.578,17.27,6.932,41.657,18.494,53.339,0,0,0,0,0,0,0,0,0,0,0,0,0,0,0,0,0,0,0,0,0,0,197.961,0,0,0,0,197.961,107,9
"71","Hawaiian Gardens",7,4,0,32,63,38,0,0,0,20,0,0,3,7,2,3,3,4.772,12.656,4.19,5.108,5.777,0.154,0.152,0.064,0.017,0.017,0.454,0.525,0.222,0.064,0.062,4.318,12.132,3.968,5.044,5.715,0,0,0,0,0,0,0,0,0,0,0,0,0,0,0,0,0,0,0,0,0,0,52.503,0,0,0,0,52.503,0,0
"72","Hawthorne",8,2,0,35,62,43,35,6,6,19,0,0,10,5,10,0,2,15.907,9.04,20.95,0,3.852,0.512,0.109,0.317,0,0.012,1.514,0.375,1.111,0,0.042,14.392,8.665,19.837,0,3.81,0,0,0,0,0,0,0,0,0,0,0,3,1,2,0,0,0,0,0,0,0,0,68.749,0,5,0,5,73.749,0,0
"73","Hermosa Beach",8,4,0,26,66,33,0,0,7,10,0,0,0,0,1,0,1,0,0,2.095,0,1.926,0,0,0.032,0,0.006,0,0,0.111,0,0.021,0,0,1.984,0,1.905,0,0,0,0,0,0,0,5,0,0,0,0,0,0,0,0,0,0,0,0,0,0,14.021,5,0,0,5,19.021,0,0
"74","Highland Park",4,1,14,24,51,34,4,0,0,26,0,0,11,14,32,9,7,17.498,25.312,67.034,15.325,13.48,0.563,0.304,1.014,0.052,0.04,1.665,1.05,3.559,0.193,0.145,15.831,24.264,63.478,15.131,13.335,0,0,0,0,0,0,0,0,0,0,0,0,0,0,0,0,0,0,0,0,0,0,164.649,0,0,0,0,164.649,162,12
"75","Hollywood",4,3,4,25,43,28,299,167,888,346,0,0,59,65,63,140,109,93.848,117.527,131.977,238.391,209.886,3.02,1.415,1.996,0.797,0.613,8.934,4.875,7.004,3.007,2.25,84.912,112.654,124.973,235.381,207.633,1.051,114,9,32,88,1,5,19,20,6,16,98,0,0,10,0,0,0,0,0,0,0,1137.629,275,127,0,402,1539.629,1704,110
"76","Hollywood Hills West",2,3,4,26,46,28,4,11,5,91,0,0,10,5,4,15,12,15.907,9.04,8.38,25.541,23.107,0.512,0.109,0.126,0.086,0.067,1.514,0.375,0.444,0.321,0.248,14.392,8.665,7.934,25.219,22.86,0,0,0,0,0,0,0,0,0,0,0,8,0,0,0,0,0,0,0,0,0,0,172.975,0,8,0,8,180.975,361,15
"77","Huntington Park",7,1,0,33,53,40,0,0,0,95,0,0,12,1,9,5,25,19.089,1.808,18.854,8.514,48.138,0.614,0.022,0.285,0.029,0.139,1.815,0.075,1,0.106,0.517,17.27,1.733,17.853,8.406,47.623,0,0,0,0,0,0,0,0,0,0,0,0,0,0,0,0,0,0,0,0,0,0,191.403,0,0,0,0,191.403,0,0
"78","Industry",3,4,0,29,55,39,17,0,0,52,0,0,0,2,4,20,28,0,3.616,8.38,34.056,53.916,0,0.043,0.126,0.114,0.158,0,0.15,0.444,0.429,0.578,0,3.466,7.934,33.626,53.337,0,0,0,0,0,0,0,0,0,0,0,0,0,0,0,0,0,0,0,0,0,0,151.968,0,0,0,0,151.968,0,0
"79","Inglewood",8,2,0,35,62,43,41,2,148,108,1,3,18,15,4,7,11,28.632,27.12,8.38,11.92,21.183,0.923,0.326,0.128,0.04,0.063,2.725,1.125,0.444,0.149,0.228,25.907,25.995,7.936,11.769,20.955,0,23,0,0,0,0,0,0,91,0,0,7,2,6,0,0,0,0,0,0,0,0,208.235,23,104,0,127,335.235,4,1
"80","Irwindale",3,1,0,22,48,32,0,5,0,13,0,0,7,2,6,2,3,11.135,3.616,12.569,3.406,5.777,0.358,0.043,0.19,0.011,0.017,1.06,0.15,0.667,0.043,0.062,10.074,3.466,11.902,3.363,5.715,0,0,0,0,0,0,0,0,0,0,0,0,0,0,0,0,0,0,0,0,0,0,49.503,0,0,0,0,49.503,0,0
"81","Kinneloa Mesa",3,5,0,25,41,27,0,0,0,1,0,0,0,0,0,0,0,0,0,0,0,0,0,0,0,0,0,0,0,0,0,0,0,0,0,0,0,0,0,0,0,0,0,0,0,0,0,0,0,0,0,0,0,0,0,0,0,0,0,1,0,0,0,0,1,0,0
"82","La Ca√±ada Flintridge",2,5,0,25,43,28,0,0,0,0,0,0,0,0,0,0,0,0,0,0,0,0,0,0,0,0,0,0,0,0,0,0,0,0,0,0,0,0,0,0,0,0,0,0,0,0,0,0,0,0,0,0,0,0,0,0,0,0,0,0,0,0,0,0,0,0,0
"83","La Crescenta-Montrose",2,5,0,25,43,28,0,0,0,0,0,0,0,0,1,0,0,0,0,2.095,0,0,0,0,0.032,0,0,0,0,0.111,0,0,0,0,1.984,0,0,0,0,0,0,0,0,0,0,0,0,0,0,0,0,0,0,0,0,0,0,0,0,2.095,0,0,0,0,2.095,0,0
"84","La Habra Heights",7,4,0,32,57,39,0,0,0,2,0,0,0,0,0,0,0,0,0,0,0,0,0,0,0,0,0,0,0,0,0,0,0,0,0,0,0,0,0,0,0,0,0,0,0,0,0,0,0,0,0,0,0,0,0,0,0,0,0,2,0,0,0,0,2,0,0
"85","La Mirada",7,4,0,32,57,38,0,0,0,2,0,0,0,0,4,0,1,0,0,8.38,0,1.926,0,0,0.127,0,0.006,0,0,0.445,0,0.021,0,0,7.935,0,1.905,0,0,0,0,0,0,0,0,0,0,0,0,0,0,0,0,0,0,0,0,0,0,12.306,0,0,0,0,12.306,0,0
"86","La Puente",3,1,0,22,57,32,5,0,0,14,0,0,0,0,3,0,3,0,0,6.285,0,5.777,0,0,0.095,0,0.017,0,0,0.333,0,0.062,0,0,5.951,0,5.715,0,0,0,0,0,0,0,0,0,0,0,0,0,0,0,0,0,0,0,0,0,0,26.062,0,0,0,0,26.062,0,0
"87","La Rambla",8,4,15,35,70,44,1,0,0,2,0,0,1,4,5,0,1,1.591,7.232,10.474,0,1.926,0.051,0.087,0.158,0,0.006,0.151,0.3,0.556,0,0.021,1.439,6.933,9.918,0,1.905,0,0,0,0,0,0,0,0,0,0,0,0,0,0,0,0,0,0,0,0,0,0,23.223,0,0,0,0,23.223,0,0
"88","La Verne",3,5,0,25,41,32,0,0,0,2,0,0,3,0,1,0,1,4.772,0,2.095,0,1.926,0.153,0,0.032,0,0.006,0.454,0,0.111,0,0.021,4.317,0,1.984,0,1.905,0,0,0,0,0,0,0,0,0,0,0,26,0,0,0,0,0,0,0,0,0,0,10.793,0,26,0,26,37,0,0
"89","Ladera Heights",5,2,0,30,54,37,0,0,0,1,0,0,5,5,0,0,0,7.953,9.041,0,0,0,0.256,0.109,0,0,0,0.757,0.375,0,0,0,7.196,8.666,0,0,0,0,0,0,0,0,0,0,0,0,0,0,0,0,0,0,0,0,0,0,0,0,0,17.994,0,0,0,0,17.994,0,0
"90","Lake Balboa",2,3,6,18,46,29,106,6,0,40,0,0,17,7,38,40,74,27.041,12.656,79.606,68.112,142.49,0.87,0.152,1.202,0.228,0.415,2.574,0.525,4.225,0.859,1.526,24.466,12.132,75.38,67.251,140.96,0,0,0,0,0,0,0,0,0,0,0,0,0,0,0,0,0,0,0,0,0,0,369.905,0,0,0,0,369.905,296,13
"91","Lakewood",7,4,0,32,63,38,12,0,0,34,0,0,13,8,8,2,16,20.678,14.464,16.76,3.406,30.812,0.665,0.175,0.254,0.012,0.092,1.969,0.6,0.889,0.042,0.332,18.709,13.864,15.87,3.362,30.479,0,0,0,0,0,0,0,0,0,0,0,0,0,0,0,0,0,0,0,0,0,0,120.12,0,0,0,0,120.12,0,0
"92","Lancaster",1,5,0,21,36,25,242,76,1900,153,0,0,20,5,34,36,114,31.815,9.04,71.227,61.302,219.513,1.023,0.109,1.075,0.203,0.641,3.025,0.375,3.78,0.772,2.354,28.783,8.665,67.445,60.529,217.158,52.55,78,0,0,2,0,0,0,0,0,0,12,2,4,0,0,0,0,0,0,0,0,545.897,80,16,0,96,641.897,0,0
"93","Lawndale",8,2,0,35,62,43,17,0,0,16,0,0,0,0,4,0,4,0,0,8.38,0,7.702,0,0,0.127,0,0.022,0,0,0.445,0,0.083,0,0,7.935,0,7.62,0,0,0,0,0,0,0,0,8,1,2,0,0,0,0,0,0,0,0,0,0,0,32.082,0,10,0,10,42.082,0,0
"94","Lennox",8,2,0,35,62,43,40,0,0,41,0,0,24,12,12,0,9,38.176,21.697,25.138,0,17.33,1.23,0.26,0.381,0,0.051,3.635,0.9,1.334,0,0.186,34.542,20.797,23.805,0,17.144,0,0,0,0,0,0,0,0,0,0,0,0,0,0,0,0,0,0,0,0,0,0,143.341,0,0,0,0,143.341,0,0
"95","Lincoln Heights",4,1,1,24,51,34,17,9,0,40,0,0,9,16,30,7,35,14.317,28.93,62.847,11.921,67.393,0.46,0.347,0.95,0.039,0.196,1.361,1.2,3.336,0.15,0.721,12.952,27.73,59.51,11.77,66.672,0,0,0,0,0,0,0,0,0,0,0,0,0,0,0,0,0,0,0,0,0,0,225.408,0,0,0,0,225.408,132,21
"96","Lomita",8,4,0,26,66,43,0,0,0,3,0,0,1,2,4,0,0,1.591,3.616,8.38,0,0,0.051,0.043,0.127,0,0,0.151,0.15,0.445,0,0,1.439,3.466,7.935,0,0,0,0,0,0,0,0,0,0,0,4,14,0,0,0,0,0,0,0,0,0,0,0,16.587,0,14,0,14,30.587,0,1
"97","Los Feliz",4,3,4,24,43,28,0,3,0,59,0,0,2,8,3,23,17,3.182,14.464,6.285,39.164,32.735,0.102,0.174,0.096,0.131,0.096,0.302,0.6,0.333,0.494,0.351,2.878,13.864,5.952,38.67,32.383,0,0,0,0,0,0,0,0,0,0,0,0,0,0,0,0,0,0,0,0,0,0,154.83,0,0,0,0,154.83,112,9
"98","Lynwood",6,2,0,33,63,44,7,2,0,46,0,0,4,6,9,8,19,6.363,10.848,18.855,13.622,36.586,0.204,0.13,0.286,0.046,0.107,0.605,0.45,1,0.171,0.393,5.756,10.398,17.854,13.45,36.194,0,0,0,0,0,0,0,0,0,0,0,0,0,0,0,0,0,0,0,0,0,0,132.274,0,0,0,0,132.274,0,0
"99","Malibu",5,3,0,27,50,33,0,0,0,53,1,4,13,10,9,11,24,20.678,18.081,18.854,18.731,46.213,0.666,0.217,0.285,0.063,0.134,1.969,0.75,1,0.235,0.495,18.71,17.331,17.853,18.494,45.717,0,0,0,0,0,0,0,0,0,0,0,0,0,0,0,0,0,0,0,0,0,0,179.557,0,0,0,0,179.557,0,0
"100","Malibu Lake",2,3,0,27,50,33,0,0,0,0,0,0,4,0,0,0,0,6.363,0,0,0,0,0.205,0,0,0,0,0.606,0,0,0,0,5.757,0,0,0,0,0,0,0,0,0,0,0,0,0,0,0,0,0,0,0,0,0,0,0,0,0,0,6.363,0,0,0,0,6.363,0,0
"101","Manhattan Beach",8,4,0,26,66,33,0,0,0,1,0,0,1,1,0,0,1,1.591,1.808,0,0,1.926,0.051,0.022,0,0,0.006,0.151,0.075,0,0,0.021,1.439,1.733,0,0,1.905,0,0,0,0,0,0,0,0,0,0,0,0,0,0,0,0,0,0,0,0,0,0,6.325,0,0,0,0,6.325,0,0
"102","Mar Vista",5,2,11,30,54,37,1,1,0,30,0,0,5,22,22,6,15,7.954,39.778,46.088,10.217,28.885,0.255,0.477,0.697,0.034,0.085,0.756,1.65,2.446,0.129,0.31,7.195,38.128,43.641,10.088,28.574,0,0,0,0,0,0,0,0,8,0,0,0,0,0,0,0,0,0,0,0,0,0,162.922,0,8,0,8,170.922,489,4
"103","Marina del Rey",5,4,11,26,62,33,0,0,0,1,0,0,0,5,9,1,0,0,9.041,18.854,1.703,0,0,0.109,0.285,0.006,0,0,0.375,1.001,0.021,0,0,8.666,17.853,1.681,0,0,0,0,0,0,0,0,0,0,0,0,0,0,0,0,0,0,0,0,0,0,0,30.598,0,0,0,0,30.598,6,1
"104","Mayflower Village",3,5,0,22,48,32,0,0,0,5,0,0,1,0,2,0,0,1.591,0,4.19,0,0,0.051,0,0.063,0,0,0.151,0,0.222,0,0,1.439,0,3.967,0,0,0,0,0,0,0,0,0,0,0,0,0,0,0,0,0,0,0,0,0,0,0,0,10.781,0,0,0,0,10.781,0,0
"105","Maywood",7,1,0,33,63,40,26,0,0,10,0,0,0,0,1,0,4,0,0,2.095,0,7.702,0,0,0.032,0,0.022,0,0,0.111,0,0.083,0,0,1.984,0,7.62,0,70,0,0,0,0,0,0,0,0,0,0,0,0,0,0,0,0,0,0,0,0,19.797,70,0,0,70,89.797,0,0
"106","Mid City",4,2,10,30,54,37,0,0,189,12,0,0,5,3,23,13,8,7.954,5.424,48.183,22.136,15.405,0.256,0.065,0.727,0.074,0.045,0.757,0.225,2.556,0.279,0.165,7.196,5.199,45.624,21.857,15.239,0,18,0,0,0,0,0,0,0,0,0,0,0,0,0,0,0,0,0,0,0,0,111.102,18,0,0,18,129.102,204,10
"107","Mid-City West",4,3,5,26,50,28,3,2,0,114,0,0,3,1,6,13,25,4.772,1.808,12.57,22.137,48.141,0.153,0.022,0.19,0.075,0.141,0.454,0.075,0.666,0.277,0.517,4.317,1.733,11.902,21.856,47.624,0,0,0,0,0,0,0,0,0,0,0,0,0,0,0,0,0,0,0,0,0,0,203.428,0,0,0,0,203.428,398,11
"108","Miracle Mile",4,3,5,26,50,28,7,1,0,68,0,0,5,19,21,5,23,7.954,34.353,43.994,8.515,44.292,0.256,0.414,0.666,0.03,0.132,0.756,1.425,2.336,0.105,0.477,7.196,32.928,41.658,8.405,43.814,0,0,0,0,0,0,0,0,0,0,0,0,0,0,0,0,0,0,0,0,0,0,207.108,0,0,0,0,207.108,513,19
"109","Mission Hills",2,3,7,18,39,29,46,0,58,49,0,0,18,7,31,12,28,28.63,12.657,64.941,20.434,53.916,0.92,0.152,0.982,0.068,0.157,2.727,0.525,3.446,0.258,0.577,25.904,12.132,61.495,20.176,53.337,0,0,0,0,0,0,0,0,0,0,0,0,0,0,0,0,0,0,0,0,0,0,229.578,0,0,0,0,229.578,136,8
"110","Monrovia",3,5,0,25,41,27,13,0,0,14,0,0,2,1,5,0,5,3.182,1.808,10.475,0,9.629,0.102,0.022,0.159,0,0.029,0.302,0.075,0.555,0,0.104,2.878,1.733,9.919,0,9.525,0,0,0,0,0,0,0,0,0,0,0,0,0,0,0,0,0,0,0,0,0,0,39.094,0,0,0,0,39.094,0,0
"111","Montebello",7,1,0,32,49,38,2,3,0,37,0,0,41,49,49,6,30,65.219,88.597,102.651,10.217,57.767,2.097,1.063,1.551,0.035,0.169,6.208,3.675,5.446,0.128,0.619,59.005,84.923,97.202,10.087,57.147,0,0,0,0,0,0,0,0,0,0,0,0,0,0,0,0,0,0,0,0,0,0,361.451,0,0,0,0,361.451,0,0
"112","Monterey Park",3,1,0,22,49,27,0,0,0,12,0,0,1,3,1,1,0,1.591,5.424,2.095,1.703,0,0.051,0.066,0.032,0.006,0,0.151,0.225,0.111,0.021,0,1.439,5.199,1.984,1.681,0,0,0,0,0,0,0,0,0,0,0,0,0,0,0,0,0,0,0,0,0,0,0,22.813,0,0,0,0,22.813,0,0
"113","North El Monte",3,5,0,22,49,27,0,0,0,0,0,0,0,0,0,0,0,0,0,0,0,0,0,0,0,0,0,0,0,0,0,0,0,0,0,0,0,0,0,0,0,0,0,0,0,0,0,0,0,0,0,0,0,0,0,0,0,0,0,0,0,0,0,0,0,0,0
"114","North Hills",2,3,12,18,46,29,40,1,0,172,0,0,12,5,14,49,22,19.089,9.04,29.328,83.437,42.363,0.614,0.109,0.444,0.281,0.124,1.817,0.375,1.556,1.051,0.454,17.27,8.666,27.772,82.382,41.908,0,0,0,0,0,0,0,0,0,0,0,4,5,11,0,0,0,0,0,0,0,0,355.257,0,15,0,15,370.257,392,21
"115","North Hollywood",2,3,2,18,39,29,49,23,272,127,0,0,60,65,111,7,37,95.441,117.524,232.532,11.92,71.246,3.069,1.411,3.514,0.041,0.207,9.084,4.875,12.34,0.149,0.763,86.349,112.65,220.19,11.768,70.483,0,43,0,0,0,0,0,0,0,18,61,24,3,7,0,0,0,0,0,0,0,0,655.663,43,92,0,135,790.663,630,133
"116","Northridge",2,5,12,27,38,30,0,0,0,19,0,0,10,5,24,5,1,15.908,9.04,50.277,8.514,1.926,0.512,0.109,0.76,0.029,0.006,1.513,0.375,2.668,0.107,0.021,14.392,8.665,47.608,8.406,1.905,0,0,30,88,0,3,9,0,0,0,0,0,0,0,0,0,0,0,0,0,0,0,104.665,97,0,0,97,201.665,118,23
"117","Norwalk",7,4,0,32,57,38,41,17,21,74,0,0,18,6,5,14,68,28.633,10.848,10.475,23.84,130.938,0.921,0.131,0.159,0.08,0.382,2.723,0.45,0.555,0.3,1.404,25.905,10.398,9.919,23.538,129.532,1.778,0,53,152,0,0,0,0,35,0,0,3,0,0,0,0,0,0,0,0,0,0,278.734,152,38,0,190,468.734,0,0
"118","Pacific Palisades",5,3,11,26,50,33,5,0,0,33,1,4,13,2,3,5,13,20.679,3.616,6.285,8.514,25.032,0.665,0.043,0.095,0.029,0.073,1.968,0.15,0.333,0.107,0.268,18.709,3.466,5.951,8.406,24.763,0,0,0,0,0,0,0,0,0,0,0,0,0,0,0,0,0,0,0,0,0,0,101.126,0,0,0,0,101.126,10,5
"119","Pacoima",2,3,7,18,39,29,2,3,23,61,0,0,23,21,45,4,18,36.586,37.968,94.271,6.811,34.662,1.176,0.456,1.424,0.023,0.102,3.481,1.575,5.001,0.085,0.372,33.1,36.395,89.266,6.725,34.288,0,0,8,21,0,0,0,0,0,0,0,8,0,0,0,0,0,0,0,0,0,0,271.298,21,8,0,29,300.298,194,25
"120","Palmdale",1,5,0,21,36,25,29,20,0,55,0,0,8,2,63,18,56,12.726,3.616,131.976,30.65,107.831,0.409,0.044,1.995,0.104,0.314,1.21,0.15,7.004,0.386,1.157,11.513,3.466,124.974,30.262,106.676,0,0,0,0,0,0,0,0,0,0,0,0,0,0,0,0,0,0,0,0,0,0,341.799,0,0,0,0,341.799,0,0
"121","Palms",5,3,5,26,50,37,1,0,0,89,0,0,28,19,26,8,36,44.539,34.353,54.468,13.623,69.322,1.432,0.413,0.823,0.046,0.202,4.238,1.425,2.888,0.17,0.744,40.296,32.928,51.575,13.45,68.577,0,4,0,0,0,0,0,0,0,0,0,0,0,0,0,0,0,0,0,0,0,0,305.305,4,0,0,4,309.305,185,14
"122","Palos Verdes Estates",8,4,0,26,66,33,0,0,0,0,0,0,0,0,0,0,0,0,0,0,0,0,0,0,0,0,0,0,0,0,0,0,0,0,0,0,0,0,0,0,0,0,0,0,0,0,0,0,0,0,0,0,0,0,0,0,0,0,0,0,0,0,0,0,0,0,0
"123","Panorama City",2,3,6,18,46,29,64,7,0,39,0,0,18,5,11,4,23,28.632,9.04,23.045,6.812,44.29,0.92,0.109,0.35,0.023,0.131,2.724,0.375,1.222,0.085,0.476,25.904,8.665,21.822,6.725,43.813,0,0,54,154,0,0,0,0,0,0,0,0,0,0,0,0,0,0,0,0,0,0,150.819,154,0,0,154,304.819,294,22
"124","Paramount",6,4,0,33,63,40,2,0,0,30,0,0,10,14,4,8,9,15.908,25.312,8.38,13.622,17.331,0.512,0.305,0.127,0.046,0.051,1.514,1.05,0.444,0.171,0.186,14.392,24.265,7.935,13.45,17.145,0,0,0,0,0,0,0,0,0,0,0,0,0,0,0,0,0,0,0,0,0,0,110.553,0,0,0,0,110.553,0,0
"125","Pico Rivera",7,1,0,32,58,38,7,0,0,33,0,0,26,8,29,7,27,41.357,14.464,60.752,11.919,51.99,1.33,0.173,0.919,0.04,0.152,3.938,0.6,3.224,0.149,0.557,37.418,13.864,57.528,11.769,51.432,0,0,0,0,0,0,0,0,0,0,0,0,0,0,0,0,0,0,0,0,0,0,213.482,0,0,0,0,213.482,0,0
"126","Pico Union",4,1,1,24,53,34,21,0,0,45,0,0,9,17,11,13,41,14.316,30.738,23.045,22.138,78.949,0.46,0.369,0.349,0.075,0.231,1.363,1.275,1.224,0.277,0.847,12.952,29.463,21.821,21.856,78.101,0,0,0,0,0,0,0,0,0,0,0,0,0,0,0,0,0,0,0,0,0,0,214.186,0,0,0,0,214.186,192,28
"127","Pomona",3,1,0,20,52,35,123,3,228,177,0,0,21,9,25,31,30,33.406,16.272,52.373,52.788,57.769,1.073,0.196,0.794,0.177,0.17,3.178,0.675,2.778,0.663,0.62,30.221,15.597,49.594,52.12,57.148,0,131,46,132,28,1,3,0,72,40,97,18,2,6,0,0,0,0,0,0,0,0,389.608,294,193,0,487,876.608,0,0
"128","Porter Ranch",2,5,12,27,38,25,0,0,0,1,0,0,1,0,1,0,0,1.591,0,2.095,0,0,0.051,0,0.032,0,0,0.151,0,0.111,0,0,1.439,0,1.984,0,0,0,0,0,0,0,0,0,0,0,0,0,0,0,0,0,0,0,0,0,0,0,0,4.686,0,0,0,0,4.686,6,1
"129","Rampart Village",4,1,13,24,51,34,23,7,6,71,1,3,12,16,10,28,31,19.088,28.93,20.949,47.679,59.692,0.614,0.349,0.317,0.16,0.174,1.817,1.2,1.111,0.6,0.64,17.27,27.73,19.837,47.076,59.052,0,0,0,0,0,0,0,0,0,0,0,0,0,0,0,0,0,0,0,0,0,0,250.338,0,0,0,0,250.338,524,30
"130","Rancho Palos Verdes",8,4,0,26,66,33,0,0,0,0,0,0,0,0,1,0,0,0,0,2.095,0,0,0,0,0.032,0,0,0,0,0.111,0,0,0,0,1.984,0,0,0,0,0,0,0,0,0,0,0,0,0,0,0,0,0,0,0,0,0,0,0,0,2.095,0,0,0,0,2.095,0,4
"131","Redondo Beach",8,4,0,26,66,33,54,0,0,105,0,0,23,20,36,0,4,36.585,36.161,75.417,0,7.703,1.177,0.434,1.14,0,0.023,3.484,1.5,4.003,0,0.083,33.101,34.662,71.413,0,7.62,0,0,0,0,0,0,0,0,0,0,0,0,0,0,0,0,0,0,0,0,0,0,260.866,0,0,0,0,260.866,0,0
"132","Reseda",2,3,12,27,45,30,0,5,0,23,0,0,11,6,29,9,12,17.499,10.848,60.753,15.325,23.107,0.563,0.13,0.919,0.052,0.067,1.664,0.45,3.225,0.193,0.248,15.831,10.398,57.527,15.131,22.86,0,0,0,0,0,0,0,0,40,0,0,3,0,0,0,0,0,0,0,0,0,0,150.532,0,43,0,43,193.532,104,11
"133","Rolling Hills",8,4,0,26,66,33,0,0,0,0,0,0,0,0,0,0,0,0,0,0,0,0,0,0,0,0,0,0,0,0,0,0,0,0,0,0,0,0,0,0,0,0,0,0,0,0,0,0,0,0,0,0,0,0,0,0,0,0,0,0,0,0,0,0,0,0,0
"134","Rolling Hills Estates",8,4,0,26,66,33,12,0,0,0,0,0,0,0,0,0,0,0,0,0,0,0,0,0,0,0,0,0,0,0,0,0,0,0,0,0,0,0,0,0,0,0,0,0,0,0,0,0,0,0,0,0,0,0,0,0,0,0,0,0,0,0,0,0,0,0,0
"135","Rosemead",3,1,0,22,49,27,5,0,0,22,0,0,8,1,1,1,5,12.726,1.808,2.095,1.703,9.628,0.409,0.022,0.032,0.006,0.028,1.21,0.075,0.111,0.021,0.103,11.513,1.733,1.984,1.681,9.525,0,0,0,0,0,0,0,0,0,0,0,0,0,0,0,0,0,0,0,0,0,0,49.96,0,0,0,0,49.96,0,0
"136","Rowland Heights",3,4,0,29,55,39,0,0,0,12,0,0,4,4,3,1,2,6.363,7.232,6.285,1.703,3.852,0.204,0.087,0.096,0.006,0.012,0.605,0.3,0.333,0.021,0.042,5.756,6.932,5.952,1.681,3.81,0,8,0,0,0,0,0,0,0,0,0,0,0,0,0,0,0,0,0,0,0,0,37.435,8,0,0,8,45.435,0,0
"137","San Dimas",3,5,0,25,41,32,1,1,0,4,0,0,1,0,1,0,0,1.591,0,2.095,0,0,0.051,0,0.032,0,0,0.151,0,0.111,0,0,1.439,0,1.984,0,0,0,0,0,0,0,0,0,0,0,0,0,0,0,0,0,0,0,0,0,0,0,0,7.686,0,0,0,0,8,0,0
"138","San Fernando",2,3,0,18,39,29,0,0,0,8,0,0,5,1,7,0,1,7.953,1.808,14.665,0,1.926,0.255,0.022,0.221,0,0.006,0.757,0.075,0.777,0,0.021,7.195,1.733,13.885,0,1.905,0,0,0,0,0,0,0,0,0,0,0,0,0,0,0,0,0,0,0,0,0,0,34.352,0,0,0,0,34.352,0,0
"139","San Gabriel",3,5,0,22,49,27,14,0,0,5,0,0,0,0,1,0,1,0,0,2.095,0,1.926,0,0,0.032,0,0.006,0,0,0.111,0,0.021,0,0,1.984,0,1.905,0,0,0,0,0,0,0,0,0,0,0,0,0,0,0,0,0,0,0,0,0,0,9.021,0,0,0,0,9.021,0,0
"140","San Marino",3,5,0,25,49,27,0,0,0,0,0,0,0,0,0,0,0,0,0,0,0,0,0,0,0,0,0,0,0,0,0,0,0,0,0,0,0,0,0,0,0,0,0,0,0,0,0,0,0,0,0,0,0,0,0,0,0,0,0,0,0,0,0,0,0,0,0
"141","San Pasqual",3,5,0,25,41,27,0,0,0,0,0,0,0,0,0,0,0,0,0,0,0,0,0,0,0,0,0,0,0,0,0,0,0,0,0,0,0,0,0,0,0,0,0,0,0,0,0,0,0,0,0,0,0,0,0,0,0,0,0,0,0,0,0,0,0,0,0
"142","San Pedro",8,4,15,35,70,33,49,6,74,107,0,0,53,31,40,8,19,84.306,56.051,83.795,13.622,36.586,2.714,0.674,1.267,0.046,0.106,8.026,2.325,4.447,0.171,0.392,76.278,53.727,79.347,13.45,36.193,0,0,31,107,0,2,6,0,0,24,65,0,0,0,0,0,0,0,0,0,0,0,381.36,113,65,0,178,559.36,211,44
"143","Santa Clarita",2,5,0,21,38,25,1,0,116,10,0,0,29,16,35,2,3,46.131,28.929,73.323,3.406,5.777,1.484,0.349,1.11,0.011,0.017,4.388,1.2,3.889,0.043,0.062,41.736,27.729,69.431,3.363,5.715,0,56,31,89,4,0,0,0,0,4,14,0,0,0,0,0,0,0,0,0,0,0,167.566,149,14,0,163,330.566,0,0
"144","Santa Fe Springs",7,4,0,32,57,38,34,5,0,40,3,10,21,5,23,5,7,33.404,9.04,48.182,8.514,13.479,1.075,0.109,0.728,0.029,0.04,3.181,0.375,2.558,0.107,0.145,30.223,8.665,45.625,8.406,13.334,40.364,0,0,0,0,0,0,0,0,0,0,0,0,0,0,0,0,0,0,0,0,0,162.619,0,0,0,0,162.619,0,0
"145","Santa Monica",5,3,0,26,50,33,211,40,164,466,0,0,29,29,10,4,12,46.13,52.433,20.95,6.812,23.109,1.484,0.63,0.316,0.023,0.069,4.391,2.175,1.111,0.085,0.249,41.736,50.259,19.836,6.725,22.86,3.366,15,0,0,4,0,23,0,101,20,63,13,1,3,0,18,0,0,0,0,0,0,615.434,42,180,18,240,855.434,6,0
"146","Santa Susana Mountains",2,5,0,27,38,25,0,0,0,0,0,0,0,0,0,0,0,0,0,0,0,0,0,0,0,0,0,0,0,0,0,0,0,0,0,0,0,0,0,0,0,0,0,0,0,0,0,0,0,0,0,0,0,0,0,0,0,0,0,0,0,0,0,0,0,0,0
"147","Sherman Oaks",2,3,2,18,46,30,2,0,0,29,0,0,7,4,6,1,6,11.134,7.232,12.57,1.703,11.554,0.358,0.087,0.191,0.006,0.034,1.06,0.3,0.667,0.021,0.124,10.074,6.932,11.903,1.681,11.43,0,0,0,0,0,0,0,0,0,0,0,0,0,0,0,0,0,0,0,0,0,0,73.193,0,0,0,0,73.193,257,15
"148","Sierra Madre",3,5,0,25,41,27,0,0,0,1,0,0,0,0,0,0,0,0,0,0,0,0,0,0,0,0,0,0,0,0,0,0,0,0,0,0,0,0,0,0,0,0,0,0,0,0,0,0,0,0,0,0,0,0,0,0,0,0,0,1,0,0,0,0,1,0,0
"149","Signal Hill",7,4,0,33,70,47,0,0,0,4,0,0,8,3,2,0,1,12.726,5.424,4.19,0,1.926,0.409,0.065,0.063,0,0.006,1.211,0.225,0.222,0,0.021,11.513,5.199,3.967,0,1.905,0,0,0,0,0,0,0,0,0,0,0,0,0,0,0,0,0,0,0,0,0,0,28.266,0,0,0,0,28.266,0,0
"150","Silver Lake",4,1,13,24,43,28,0,5,0,10,0,0,8,6,10,6,33,12.726,10.848,20.949,10.217,63.543,0.409,0.131,0.317,0.035,0.184,1.21,0.45,1.111,0.128,0.681,11.513,10.398,19.837,10.087,62.861,0,0,0,0,0,0,0,0,0,0,0,0,0,0,0,0,0,0,0,0,0,0,128.283,0,0,0,0,128.283,126,8
"151","Skid Row",4,1,14,30,53,34,481,8,2520,808,0,0,21,2,6,403,205,33.404,3.616,12.57,686.216,394.725,1.075,0.043,0.19,2.297,1.149,3.18,0.15,0.668,8.661,4.228,30.223,3.466,11.902,677.563,390.502,0,1096,48,134,29,4,8,0,1213,0,0,66,0,0,0,0,0,0,0,0,0,0,1938.531,1249,1297,0,2546,4484.531,281,493
"152","South Central",4,1,9,30,59,37,196,2,685,107,0,0,14,29,34,99,91,22.27,52.435,71.226,168.572,175.223,0.716,0.631,1.077,0.564,0.51,2.12,2.175,3.781,2.126,1.877,20.148,50.261,67.446,166.448,173.343,0,277,70,200,0,0,0,0,65,0,0,2,0,0,0,0,0,0,0,0,0,0,596.726,477,67,0,544,1140.726,615,56
"153","South El Monte",3,1,0,22,57,38,0,2,0,6,0,0,3,3,11,0,7,4.772,5.424,23.043,0,13.479,0.153,0.065,0.349,0,0.039,0.454,0.225,1.223,0,0.145,4.317,5.199,21.821,0,13.335,0,0,0,0,0,0,0,0,0,0,0,0,0,0,0,0,0,0,0,0,0,0,52.718,0,0,0,0,52.718,0,0
"154","South Gate",7,1,0,33,59,44,20,0,0,41,0,0,14,17,17,3,12,22.27,30.737,35.615,5.108,23.108,0.717,0.369,0.539,0.017,0.068,2.118,1.275,1.891,0.064,0.249,20.149,29.462,33.723,5.044,22.86,0,0,0,0,0,0,0,0,0,0,0,0,0,0,0,0,0,0,0,0,0,0,157.838,0,0,0,0,157.838,0,0
"155","South Park",6,2,9,30,59,40,79,9,0,260,0,0,33,43,87,72,95,52.495,77.746,182.252,122.602,182.93,1.689,0.933,2.756,0.411,0.535,4.992,3.225,9.672,1.544,1.962,47.493,74.522,172.582,121.053,180.964,0,0,6,19,0,0,0,0,0,0,0,0,0,0,0,0,0,0,0,0,0,0,878.025,19,0,0,19,897.025,776,67
"156","South Pasadena",3,5,0,25,41,27,0,0,0,8,0,0,2,0,0,0,0,3.181,0,0,0,0,0.102,0,0,0,0,0.303,0,0,0,0,2.878,0,0,0,0,0,0,0,0,0,0,0,0,0,0,0,0,0,0,0,0,0,0,0,0,0,0,11.181,0,0,0,0,11.181,0,0
"157","South San Gabriel",3,1,0,22,49,27,0,0,0,2,0,0,0,7,4,0,3,0,12.657,8.379,0,5.777,0,0.152,0.127,0,0.017,0,0.525,0.445,0,0.062,0,12.132,7.935,0,5.715,0,0,0,0,0,0,0,0,0,0,0,0,0,0,0,0,0,0,0,0,0,0,28.813,0,0,0,0,28.813,0,0
"158","South San Jose Hills",3,1,0,22,57,32,0,0,0,0,0,0,0,2,2,0,1,0,3.616,4.19,0,1.926,0,0.044,0.064,0,0.006,0,0.15,0.222,0,0.021,0,3.466,3.968,0,1.905,0,0,0,0,0,0,0,0,0,0,0,0,0,0,0,0,0,0,0,0,0,0,9.732,0,0,0,0,9.732,0,0
"159","South Vermont",6,2,8,30,59,37,65,5,19,109,1,3,55,24,27,22,35,87.485,43.393,56.563,37.461,67.394,2.816,0.521,0.854,0.125,0.196,8.33,1.8,3.001,0.471,0.722,79.156,41.595,53.558,36.989,66.671,0,85,160,458,2,0,0,0,0,0,0,0,0,0,0,0,0,0,0,0,0,0,404.296,545,0,0,545,949.296,276,49
"160","South Whittier",7,4,0,32,57,38,2,1,77,29,0,0,4,0,15,0,7,6.363,0,31.423,0,13.48,0.204,0,0.476,0,0.04,0.605,0,1.668,0,0.145,5.756,0,29.756,0,13.335,0,0,0,0,0,0,0,0,0,0,0,130,9,18,0,0,0,0,0,0,0,0,80.266,0,148,0,148,228.266,0,0
"161","Stevenson Ranch",2,5,0,27,38,25,0,0,0,0,0,0,1,0,0,0,0,1.591,0,0,0,0,0.051,0,0,0,0,0.151,0,0,0,0,1.439,0,0,0,0,0,0,0,0,0,0,0,0,0,0,0,0,0,0,0,0,0,0,0,0,0,0,1.591,0,0,0,0,1.591,0,0
"162","Studio City",2,3,2,18,46,30,4,0,0,16,0,0,4,7,2,7,14,6.363,12.656,4.19,11.92,26.958,0.205,0.152,0.063,0.039,0.078,0.605,0.525,0.222,0.15,0.29,5.757,12.132,3.967,11.77,26.67,0,0,0,0,0,0,0,0,0,0,0,0,0,0,0,0,0,0,0,0,0,0,78.087,0,0,0,0,78.087,274,29
"163","Sun Valley",2,5,2,25,39,28,92,5,146,68,0,0,14,22,99,1,35,22.271,39.777,207.393,1.703,67.394,0.716,0.478,3.134,0.006,0.196,2.118,1.65,11.007,0.021,0.723,20.148,38.128,196.386,1.681,66.671,1.209,141,7,20,3,3,7,0,19,0,0,42,0,0,0,0,0,0,0,0,0,0,406.538,171,61,0,232,638.538,279,23
"164","Sunland-Tujunga",2,5,7,25,39,28,11,1,0,56,0,0,1,3,15,3,5,1.591,5.424,31.423,5.108,9.628,0.051,0.065,0.475,0.017,0.028,0.151,0.225,1.668,0.064,0.104,1.439,5.199,29.755,5.044,9.525,0,0,0,0,0,0,0,0,0,0,0,0,0,0,0,0,0,0,0,0,0,0,109.174,0,0,0,0,109.174,207,4
"165","Sylmar",2,5,7,18,39,29,16,1,0,28,0,0,21,7,58,5,11,33.405,12.656,121.502,8.514,21.181,1.075,0.152,1.836,0.029,0.062,3.179,0.525,6.448,0.107,0.227,30.223,12.131,115.054,8.406,20.954,0,130,0,0,40,0,0,0,0,0,0,0,0,0,0,0,0,0,0,0,0,0,225.258,170,0,0,170,395.258,184,10
"166","Tarzana",2,3,5,27,45,30,8,1,0,25,0,0,0,1,19,0,12,0,1.808,39.802,0,23.108,0,0.022,0.602,0,0.068,0,0.075,2.113,0,0.249,0,1.733,37.69,0,22.86,0,0,0,0,0,0,0,0,0,0,0,0,0,0,0,0,0,0,0,0,0,0,89.718,0,0,0,0,89.718,227,14
"167","Temple City",3,5,0,22,49,27,0,0,0,12,0,0,1,2,0,0,3,1.591,3.616,0,0,5.777,0.051,0.043,0,0,0.017,0.151,0.15,0,0,0.062,1.439,3.466,0,0,5.715,0,0,0,0,0,0,0,0,0,0,0,0,0,0,0,0,0,0,0,0,0,0,22.984,0,0,0,0,22.984,0,0
"168","Topanga",2,3,0,27,50,33,0,0,0,51,0,0,14,4,6,5,12,22.269,7.232,12.569,8.514,23.106,0.717,0.087,0.19,0.029,0.067,2.12,0.3,0.667,0.107,0.248,20.149,6.933,11.902,8.406,22.859,0,0,0,0,0,0,0,0,0,0,0,0,0,0,0,0,0,0,0,0,0,0,124.69,0,0,0,0,124.69,0,0
"169","Torrance",8,4,0,35,66,43,11,0,0,28,0,0,14,18,18,5,2,22.27,32.545,37.709,8.514,3.852,0.716,0.393,0.57,0.028,0.012,2.118,1.35,1.999,0.107,0.042,20.148,31.196,35.706,8.407,3.81,0,0,0,0,0,0,0,0,0,3,12,0,0,0,0,0,0,0,0,0,0,0,132.89,0,12,0,12,144.89,0,0
"170","Unincorporated Antelope Valley",1,5,0,21,36,25,24,0,0,55,3,14,40,17,520,28,183,63.626,30.737,1089.328,47.679,352.369,2.047,0.37,16.458,0.159,1.026,6.057,1.275,57.81,0.601,3.776,57.567,29.462,1031.528,47.076,348.594,0,0,137,392,0,0,0,0,0,0,0,0,0,0,0,0,0,0,0,0,0,0,1652.739,392,0,0,392,2044.739,0,0
"171","Unincorporated Catalina",8,4,0,26,70,47,0,0,0,0,0,0,0,0,0,0,0,0,0,0,0,0,0,0,0,0,0,0,0,0,0,0,0,0,0,0,0,0,0,0,0,0,0,0,0,0,0,0,0,0,0,0,0,0,0,0,0,0,0,0,0,0,0,0,0,0,0
"172","Unincorporated Compton",6,2,0,35,64,44,0,0,0,14,0,0,1,4,44,1,2,1.591,7.232,92.175,1.703,3.851,0.051,0.087,1.393,0.006,0.011,0.151,0.3,4.891,0.021,0.041,1.439,6.933,87.283,1.681,3.81,0,0,127,363,0,0,0,0,0,0,0,0,0,0,0,0,0,0,0,0,0,0,120.552,363,0,0,363,483.552,0,0
"173","Unincorporated East Whittier",7,4,0,32,57,38,0,0,0,15,0,0,2,0,2,0,4,3.181,0,4.19,0,7.702,0.102,0,0.064,0,0.022,0.303,0,0.222,0,0.083,2.878,0,3.968,0,7.62,0,0,0,0,0,0,0,0,0,0,0,0,0,0,0,0,0,0,0,0,0,0,30.073,0,0,0,0,30.073,0,0
"174","Unincorporated Whittier",7,4,0,32,57,38,0,0,0,3,0,0,0,0,1,0,2,0,0,2.095,0,3.851,0,0,0.032,0,0.011,0,0,0.111,0,0.041,0,0,1.984,0,3.81,0,0,0,0,0,0,0,0,0,0,0,0,0,0,0,0,0,0,0,0,0,0,8.946,0,0,0,0,8.946,0,0
"175","Universal City",2,3,0,18,46,30,0,0,0,1,0,0,0,0,0,0,2,0,0,0,0,3.851,0,0,0,0,0.011,0,0,0,0,0.041,0,0,0,0,3.81,0,0,0,0,0,0,0,0,0,0,0,0,0,0,0,0,0,0,0,0,0,0,4.851,0,0,0,0,4.851,0,1
"176","University Park",6,1,1,30,59,37,0,0,0,45,0,0,3,5,5,8,22,4.772,9.04,10.474,13.623,42.362,0.153,0.108,0.158,0.046,0.124,0.454,0.375,0.556,0.171,0.454,4.317,8.665,9.918,13.45,41.907,0,0,0,0,0,0,0,0,0,0,0,0,0,0,0,0,0,0,0,0,0,0,125.271,0,0,0,0,125.271,25,6
"177","US Department of Affairs West LA Campus",5,3,0,26,54,33,10,0,407,10,0,0,6,15,13,0,7,9.544,27.122,27.233,0,13.479,0.307,0.326,0.411,0,0.039,0.909,1.125,1.445,0,0.144,8.635,25.997,25.788,0,13.334,0,111,0,0,3,0,0,0,177,0,0,1,0,0,0,0,0,0,0,0,0,0,87.378,68,224,0,292,379.378,4,5
"178","Valinda",3,1,0,22,48,32,0,0,0,8,0,0,1,1,4,0,7,1.591,1.808,8.38,0,13.479,0.051,0.022,0.127,0,0.039,0.151,0.075,0.445,0,0.145,1.439,1.733,7.935,0,13.335,0,0,0,0,0,0,0,0,0,0,0,0,0,0,0,0,0,0,0,0,0,0,33.258,0,0,0,0,33.258,0,0
"179","Valley Village",2,3,2,18,46,30,0,8,0,31,0,0,8,3,18,5,17,12.725,5.424,37.708,8.514,32.736,0.409,0.065,0.57,0.029,0.096,1.211,0.225,2,0.107,0.353,11.513,5.199,35.707,8.406,32.384,0,0,0,0,0,0,0,0,0,0,0,0,0,0,0,0,0,0,0,0,0,0,128.107,0,0,0,0,128.107,94,28
"180","Van Nuys",2,3,2,18,46,29,109,7,0,72,0,0,20,10,44,45,82,31.813,18.08,92.173,76.626,157.896,1.021,0.217,1.394,0.257,0.46,3.028,0.75,4.891,0.964,1.695,28.781,17.33,87.282,75.658,156.202,0,0,0,0,0,0,0,15,50,0,0,5,0,0,0,0,0,0,0,0,0,0,448.588,15,55,0,70,518.588,724,70
"181","Venice",5,3,11,26,62,33,208,109,16,195,0,0,46,107,74,90,90,73.17,193.469,155.019,153.25,173.297,2.355,2.325,2.343,0.512,0.504,6.967,8.025,8.228,1.933,1.856,66.203,185.446,146.795,151.317,171.439,1.094,0,11,32,0,3,7,0,22,22,67,0,0,0,0,0,0,0,0,0,0,0,943.205,39,89,0,128,1071.205,520,69
"182","Vermont Square",6,2,8,30,54,37,85,4,603,189,1,7,29,33,55,37,98,46.13,59.665,115.219,63.004,188.701,1.483,0.717,1.742,0.211,0.548,4.392,2.475,6.114,0.793,2.023,41.735,57.192,109.102,62.208,186.68,0,313,0,0,6,0,0,0,23,22,77,2,0,0,0,0,0,0,0,0,0,0,668.719,319,102,0,421,1089.719,254,63
"183","Vernon",7,1,0,33,53,40,30,0,0,0,0,0,0,0,0,0,0,0,0,0,0,0,0,0,0,0,0,0,0,0,0,0,0,0,0,0,0,0,0,0,0,0,0,0,0,0,0,0,0,0,0,0,0,0,0,0,0,0,0,0,0,0,0,0,0,0,1
"184","View Park-Windsor Hills",6,2,0,30,54,37,0,0,0,3,0,0,7,1,0,0,1,11.135,1.808,0,0,1.926,0.358,0.022,0,0,0.006,1.06,0.075,0,0,0.021,10.074,1.733,0,0,1.905,0,0,0,0,0,0,0,0,0,0,0,0,0,0,0,0,0,0,0,0,0,0,17.869,0,0,0,0,17.869,0,0
"185","Vincent",3,1,0,22,48,32,0,0,0,2,0,0,0,0,1,0,0,0,0,2.095,0,0,0,0,0.032,0,0,0,0,0.111,0,0,0,0,1.984,0,0,0,0,0,0,0,0,0,0,0,0,0,0,0,0,0,0,0,0,0,0,0,0,4.095,0,0,0,0,4.095,0,0
"186","Walnut",3,1,0,29,55,39,0,0,0,2,0,0,0,0,2,0,0,0,0,4.19,0,0,0,0,0.064,0,0,0,0,0.222,0,0,0,0,3.968,0,0,0,0,0,0,0,0,0,0,0,0,0,0,0,0,0,0,0,0,0,0,0,0,6.19,0,0,0,0,6.19,0,0
"187","Walnut Park",7,1,0,33,59,44,0,0,0,2,0,0,0,0,0,0,1,0,0,0,0,1.926,0,0,0,0,0.006,0,0,0,0,0.021,0,0,0,0,1.905,0,0,0,0,0,0,0,0,0,0,0,0,0,0,0,0,0,0,0,0,0,0,3.926,0,0,0,0,3.926,0,0
"188","Watts",6,2,15,35,64,44,22,2,0,121,0,0,7,7,18,1,12,11.135,12.656,37.709,1.703,23.106,0.358,0.151,0.57,0.006,0.067,1.059,0.525,2.001,0.021,0.247,10.074,12.131,35.706,1.681,22.859,0,0,81,232,0,0,0,0,0,0,0,0,0,0,0,0,0,0,0,0,0,0,207.309,232,0,0,232,439.309,86,21
"189","West Adams-Expo Park",4,2,10,30,54,37,82,4,12,55,4,11,71,27,55,10,23,112.936,48.818,115.218,17.029,44.29,3.633,0.586,1.738,0.057,0.13,10.753,2.025,6.115,0.214,0.476,102.181,46.794,109.1,16.813,43.815,0,0,0,0,0,0,0,0,17,0,0,0,7,14,0,0,0,0,0,0,0,0,404.291,0,31,0,31,435.291,145,24
"190","West Carson",8,2,0,35,66,43,0,0,0,17,0,0,1,7,27,5,11,1.591,12.656,56.562,8.514,21.181,0.051,0.152,0.855,0.029,0.062,0.151,0.525,3.002,0.107,0.227,1.439,12.132,53.56,8.406,20.954,0,0,0,0,0,0,0,0,0,0,0,0,0,0,0,0,0,0,0,0,0,0,117.504,0,0,0,0,117.504,0,1
"191","West Compton",6,2,0,35,64,44,0,0,0,4,0,0,14,7,90,0,2,22.269,12.657,188.542,0,3.851,0.717,0.152,2.848,0,0.011,2.12,0.525,10.006,0,0.041,20.149,12.132,178.538,0,3.81,0,0,0,0,0,0,0,0,0,0,0,0,0,0,0,0,0,0,0,0,0,0,231.319,0,0,0,0,231.319,0,0
"192","West Covina",3,1,0,22,48,32,36,1,0,79,0,0,11,3,8,4,17,17.498,5.424,16.759,6.812,32.735,0.562,0.065,0.255,0.023,0.096,1.665,0.225,0.889,0.085,0.351,15.83,5.199,15.871,6.725,32.384,0,0,0,0,0,0,0,0,0,0,0,0,0,0,0,0,0,0,0,0,0,0,158.228,0,0,0,0,158.228,0,0
"193","West Hills",2,5,12,27,45,30,1,0,0,2,0,0,5,7,26,1,3,7.954,12.656,54.467,1.703,5.777,0.255,0.152,0.825,0.006,0.017,0.756,0.525,2.891,0.021,0.062,7.195,12.131,51.577,1.681,5.715,0,0,0,0,0,0,0,0,0,0,0,0,0,0,0,0,0,0,0,0,0,0,84.557,0,0,0,0,84.557,109,4
"194","West Hollywood",4,3,0,26,50,28,5,6,0,92,0,0,0,2,0,1,4,0,3.616,0,1.703,7.703,0,0.044,0,0.006,0.023,0,0.15,0,0.021,0.083,0,3.466,0,1.681,7.62,0,0,0,0,0,0,0,0,0,0,0,0,0,0,0,0,0,0,0,0,0,0,105.022,0,0,0,0,105.022,0,0
"195","West Los Angeles",5,3,11,26,54,37,8,0,378,53,1,2,6,5,18,2,21,9.544,9.04,37.708,3.406,40.439,0.306,0.109,0.57,0.011,0.119,0.908,0.375,2.002,0.043,0.434,8.634,8.665,35.706,3.363,40.004,0,117,0,0,3,0,0,0,0,0,0,0,0,0,0,0,0,0,0,0,0,0,155.137,120,0,0,120,275.137,231,27
"196","West Puente Valley",3,1,0,22,48,32,5,0,0,4,0,0,3,2,8,0,0,4.772,3.616,16.759,0,0,0.153,0.044,0.254,0,0,0.454,0.15,0.89,0,0,4.317,3.466,15.87,0,0,0,0,0,0,0,0,0,0,0,0,0,0,0,0,0,0,0,0,0,0,0,0,29.147,0,0,0,0,29.147,0,0
"197","West Whittier-Los Nietos",7,4,0,32,57,38,5,0,0,36,1,3,3,5,10,5,10,4.773,9.04,20.949,8.514,19.256,0.153,0.108,0.316,0.028,0.056,0.453,0.375,1.111,0.107,0.207,4.317,8.665,19.836,8.407,19.05,0,0,0,0,0,0,0,0,0,0,0,0,0,0,0,0,0,0,0,0,0,0,101.532,0,0,0,0,101.532,0,0
"198","Westchester/Playa Del Rey",5,2,11,26,62,43,125,3,10,38,0,0,65,41,126,53,70,103.391,74.13,263.953,90.248,134.79,3.326,0.891,3.989,0.303,0.391,9.844,3.075,14.007,1.137,1.446,93.546,71.058,249.943,89.108,133.344,0,0,0,0,0,0,0,0,0,0,0,14,2,4,0,0,0,0,0,0,0,0,704.512,0,18,0,18,722.512,105,21
"199","Westlake",4,1,13,24,51,34,32,9,124,224,3,20,23,22,16,84,106,36.587,39.777,33.518,143.035,204.108,1.177,0.478,0.509,0.479,0.595,3.479,1.65,1.779,1.803,2.187,33.101,38.127,31.741,141.227,201.919,0,20,65,186,1,0,0,8,214,50,106,14,14,28,0,0,0,0,0,0,0,0,701.025,215,362,0,577,1278.025,581,156
"200","Westlake Village",2,3,0,27,44,26,0,0,0,2,0,0,1,0,0,0,0,1.591,0,0,0,0,0.051,0,0,0,0,0.151,0,0,0,0,1.439,0,0,0,0,0,0,0,0,0,0,0,0,0,0,0,0,0,0,0,0,0,0,0,0,0,0,3.591,0,0,0,0,3.591,0,0
"201","Westmont / West Athens",8,2,0,30,59,43,66,8,187,77,0,0,3,2,16,11,10,4.772,3.616,33.517,18.731,19.256,0.153,0.044,0.508,0.062,0.056,0.454,0.15,1.779,0.236,0.206,4.317,3.466,31.74,18.495,19.049,0,12,0,0,3,0,0,0,0,0,0,0,0,0,0,0,0,0,0,0,0,0,156.892,15,0,0,15,171.892,4,1
"202","Westside",5,3,5,30,54,37,0,1,0,24,0,0,6,6,7,19,18,9.545,10.848,14.665,32.353,34.661,0.306,0.13,0.222,0.109,0.101,0.907,0.45,0.778,0.407,0.372,8.634,10.399,13.886,31.943,34.289,0,0,59,169,0,0,0,0,0,0,0,0,0,0,0,0,0,0,0,0,0,0,126.072,169,0,0,169,295.072,271,10
"203","Westwood",5,3,5,26,54,33,6,0,3,97,0,0,8,3,4,6,11,12.725,5.424,8.38,10.217,21.182,0.408,0.066,0.127,0.035,0.062,1.211,0.225,0.444,0.128,0.228,11.512,5.199,7.935,10.087,20.955,0,0,0,0,0,0,0,0,0,0,0,0,0,0,0,0,0,0,0,0,0,0,154.928,0,0,0,0,154.928,148,16
"204","Whittier",7,4,0,32,57,38,57,9,301,58,0,0,15,10,22,1,7,23.861,18.08,46.087,1.703,13.48,0.768,0.217,0.698,0.006,0.04,2.271,0.75,2.445,0.021,0.145,21.588,17.33,43.642,1.681,13.335,0,0,8,22,0,0,0,0,28,0,0,3,0,0,0,0,0,0,0,0,0,0,161.211,22,31,0,53,214.211,0,0
"205","Whittier Narrows",3,1,0,22,57,38,0,0,0,22,0,0,0,7,5,17,6,0,12.657,10.474,28.947,11.553,0,0.152,0.158,0.097,0.034,0,0.525,0.556,0.365,0.124,0,12.132,9.918,28.582,11.429,0,0,3,19,0,2,7,0,0,1,4,0,0,0,0,0,0,0,0,0,0,0,85.631,26,4,0,30,115.631,0,0
"206","Willowbrook",6,2,0,35,64,44,8,3,0,31,0,0,33,16,106,0,9,52.492,28.929,222.06,0,17.33,1.688,0.348,3.355,0,0.051,4.997,1.2,11.784,0,0.186,47.492,27.73,210.269,0,17.144,0,13,0,0,1,0,0,0,0,0,0,9,0,0,0,0,0,0,0,0,0,0,351.811,14,9,0,23,374.811,4,0
"207","Wilmington",8,4,15,35,64,44,91,0,0,127,0,0,38,29,112,4,40,60.445,52.434,234.626,6.812,77.022,1.944,0.63,3.544,0.023,0.224,5.754,2.175,12.451,0.085,0.825,54.688,50.259,222.171,6.725,76.196,0,40,0,0,0,0,0,0,0,0,0,0,0,0,0,0,0,0,0,0,0,0,558.339,40,0,0,40,598.339,159,44
"208","Wilshire Center-Koreatown",4,2,13,24,53,34,7,0,0,96,0,0,18,25,7,68,35,28.634,45.201,14.664,115.792,67.396,0.921,0.544,0.223,0.388,0.198,2.723,1.875,0.778,1.459,0.724,25.905,43.328,13.887,114.328,66.673,0,0,0,0,0,0,0,0,0,0,0,0,0,0,0,0,0,0,0,0,0,0,367.687,0,0,0,0,367.687,1008,52
"209","Winnetka",2,3,3,27,45,30,4,0,0,6,0,0,2,3,28,0,3,3.182,5.424,58.658,0,5.777,0.102,0.066,0.885,0,0.017,0.302,0.225,3.113,0,0.062,2.878,5.199,55.542,0,5.715,0,0,0,0,0,0,0,0,0,0,0,0,0,0,0,0,0,0,0,0,0,0,79.041,0,0,0,0,79.041,221,18
"210","Woodland Hills",2,3,3,27,45,30,7,0,0,16,0,0,2,3,24,6,6,3.182,5.424,50.278,10.217,11.555,0.102,0.065,0.761,0.034,0.035,0.302,0.225,2.669,0.129,0.125,2.878,5.199,47.609,10.088,11.43,0,0,0,0,0,0,0,0,0,0,0,0,0,0,0,0,0,0,0,0,0,0,96.656,0,0,0,0,96.656,522,7
"211","Unincorporated Palmdale",1,5,0,21,36,25,0,0,0,11,0,0,1,0,269,1,6,1.591,0,563.518,1.703,11.555,0.051,0,8.512,0.006,0.035,0.151,0,29.906,0.021,0.125,1.439,0,533.612,1.681,11.43,0,0,0,0,0,0,0,0,0,0,0,0,0,0,0,0,0,0,0,0,0,0,589.367,0,0,0,0,589.367,0,0
