FID,Tract,SPA,SD,CD,totUnshelt,totSheltPe,totPeople,Shape__Area,Shape__Length
1,980024,2,3,6,253.647,0,253.647,0.000810294723661,0.14339247703569
2,980026,2,5,7,0,0,0,0.001360112841673,0.321098179852452
3,101110,2,5,7,1,0,1,0.000111817084438,0.047170395601784
4,980028,5,4,11,36.004,0,36.004,0.001692465203451,0.253597022176418
5,101122,2,5,7,0,0,0,0.000258820881973,0.09623718102538
6,980031,8,4,15,10.474,0,10.474,0.000597467311652,0.335622847269178
7,101210,2,5,7,5.095,0,5.095,6.3683940083e-05,0.037365285416633
8,101220,2,5,7,34,0,34,6.8407899574e-05,0.038496788390837
9,101300,2,5,7,20.108,0,20.108,0.000252534986745,0.085834381479137
10,101400,2,5,7,11.995,0,11.995,0.000617416997887,0.133832354862836
11,102103,2,5,2,8.093,0,8.093,0.000116083821048,0.051642006139629
12,102104,2,5,2,0,0,0,0.000162402148773,0.083594547295095
13,102105,2,5,2,9.802,0,9.802,4.8150492676e-05,0.030124715890285
14,102107,2,5,7,4.616,0,4.616,0.001264543244495,0.198263464555725
15,103101,2,5,7,6.781,0,6.781,0.0001987073451,0.079035095299588
16,103102,2,5,7,12.4,0,12.4,0.000121475504989,0.051432012552233
17,103200,2,5,7,55.271,0,55.271,0.000726055692527,0.163889372191988
18,103300,2,5,7,14.775,0,14.775,0.000601160308665,0.115578914166566
19,103400,2,5,7,17.795,0,17.795,0.00024475776512,0.078805163664079
20,104103,2,3,7,33.106,0,33.106,9.2922827201e-05,0.041582938150449
21,104105,2,3,7,6.781,8,14.781,5.7238511143e-05,0.035640155682423
22,104108,2,3,7,6.116,0,6.116,0.000107359154428,0.058296502886294
23,104124,2,3,7,0,0,0,0.000438742740464,0.120650473739654
24,104201,2,3,7,24.114,0,24.114,0.000106731555767,0.045096817376409
25,104203,2,3,7,1.591,0,1.591,6.9309751713e-05,0.033603959299895
26,104204,2,3,7,16.569,0,16.569,0.000261111182238,0.092493736542992
27,104310,2,3,7,5.781,0,5.781,0.00014769190449,0.057997681238973
28,104320,2,3,7,2.591,0,2.591,0.000118664045719,0.044437904890629
29,104401,2,3,7,1.926,0,1.926,6.667286363e-05,0.038394627241964
30,104403,2,3,7,20.465,0,20.465,6.8198391418e-05,0.048328029926026
31,104404,2,3,7,13.795,0,13.795,5.2820166016e-05,0.03344722144666
32,104500,2,3,7,1.926,21,22.926,5.1971685684e-05,0.034152321564322
33,104610,2,3,7,3.095,0,3.095,5.7958520162e-05,0.035074202667496
34,104620,2,3,7,19.28,0,19.28,5.1989429094e-05,0.034152606847787
35,104701,2,3,7,1.808,0,1.808,5.388809841e-05,0.033951039319764
36,104703,2,3,7,61.689,0,61.689,0.000114498533942,0.047168726734748
37,104704,2,3,7,9,0,9,0.000162745154965,0.05160921259496
38,104810,2,3,7,0,0,0,0.000109941352971,0.043205457188266
39,104821,2,3,7,2.926,0,2.926,5.2044528051e-05,0.034155346010051
40,104822,2,3,7,25.738,0,25.738,5.9569684658e-05,0.041695231773372
41,106010,2,5,7,0,0,0,0.000246942124911,0.075087150116615
42,106020,2,3,7,43.392,0,43.392,0.00019767018263,0.070875779385208
43,106111,2,3,7,2.095,0,2.095,0.000374845604442,0.106252655443572
44,106112,2,3,7,12.781,170,182.781,0.000316088027618,0.150020590219254
45,106113,2,3,7,49.881,0,49.881,0.00014084304928,0.059846387178317
46,106114,2,3,7,22.036,0,22.036,9.9351677423e-05,0.052082661734392
47,106403,2,3,7,4,0,4,0.000108279308124,0.043567767095346
48,106405,2,3,7,3.095,0,3.095,0.000114607589136,0.044020042936807
49,106406,2,3,7,9.379,0,9.379,0.000204249515604,0.065492467951586
50,106407,2,3,7,0,0,0,2.2733811012e-05,0.019331635777431
51,106408,2,3,7,2,0,2,2.2420778039e-05,0.019146062187345
52,106510,2,3,7,12.282,0,12.282,0.000561480554575,0.115205729228661
53,106520,2,3,7,44.462,0,44.462,0.000216034895385,0.060255164703807
54,106603,2,5,12,0,0,0,0.001498470246159,0.188140514218804
55,106604,2,3,7,14.673,0,14.673,0.000255883289783,0.0804496952531
56,106641,2,5,12,0,0,0,0.000111191143451,0.058428280138127
57,106642,2,5,12,4.19,0,4.19,0.000154461835189,0.060183512693321
58,106643,2,5,12,2.095,0,2.095,0.00042422723534,0.100954223369925
59,106645,2,5,12,0,0,0,0.00024752119472,0.088166195285189
60,106646,2,5,12,2.703,0,2.703,0.000144524493585,0.068917453504937
61,106648,2,3,7,0,0,0,7.7641142035e-05,0.041771749717711
62,106649,2,3,7,0,0,0,0.000108559269664,0.063063085553517
63,107010,2,3,7,3.591,0,3.591,6.7049062122e-05,0.039564047291998
64,107020,2,3,7,1.591,0,1.591,9.7412671267e-05,0.044685982768961
65,108101,2,5,12,0,0,0,0.000110494893005,0.044211129252968
66,108102,2,5,12,0,0,0,0.000213801332382,0.056872161191778
67,108103,2,5,12,0,0,0,0.0002510281491,0.111484218993761
68,108104,2,5,12,0,0,0,8.0882647915e-05,0.046273519295608
69,108201,2,5,12,4.686,0,4.686,0.000274649133678,0.091732504393474
70,108202,2,5,12,0,0,0,0.000587450562336,0.109912623209752
71,109100,2,3,7,35.436,0,35.436,0.000265066286631,0.078146405763147
72,109200,2,3,12,0,0,0,0.000116804178219,0.04476120770994
73,109300,2,3,12,55.287,0,55.287,0.000120709997876,0.05296755627277
74,109400,2,3,7,24.81,0,24.81,0.000126436420557,0.055677852132514
75,109500,2,3,7,81.167,0,81.167,0.000116858446371,0.061747609268951
76,109601,2,3,7,4.021,0,4.021,0.000220016386864,0.060431172227016
77,109603,2,3,7,50.078,0,50.078,9.7763649481e-05,0.041460250656658
78,109604,2,3,7,34.066,0,34.066,0.000114998334063,0.044031204728439
79,109700,2,3,12,13.202,0,13.202,0.000155324615091,0.054852204058486
80,109800,2,3,12,5.102,0,5.102,0.000136963423635,0.051943911282576
81,111100,2,5,12,0,0,0,0.000103688497806,0.0421232486236
82,111201,2,5,12,1.703,0,1.703,0.000187257357807,0.081570429446189
83,111202,2,5,12,4.181,0,4.181,0.000182728777435,0.065674908921312
84,111204,2,5,12,2.591,0,2.591,0.000324114275544,0.076873911941805
85,111205,2,5,12,1.591,0,1.591,0.000113439517484,0.045853578587048
86,111206,2,5,12,0,0,0,0.000256735823562,0.072360129942518
87,111301,2,5,12,10.532,0,10.532,0.000195893155649,0.06785520919434
88,111302,2,5,12,0,0,0,0.000151976566077,0.056140357000752
89,111400,2,5,12,2,0,2,0.000177356083966,0.054156624170254
90,113101,2,5,12,3.095,0,3.095,0.000221708774921,0.064016494301633
91,113102,2,5,12,14.664,0,14.664,0.000359617406523,0.076576703796056
92,113211,2,5,12,0,0,0,0.000712866216302,0.116606406386488
93,113212,2,5,12,0,0,0,9.7863146948e-05,0.044260018918863
94,113213,2,5,12,13.368,0,13.368,0.000127317530591,0.053203047034638
95,113231,2,5,12,11.56,0,11.56,0.000405073436855,0.132954078338794
96,113232,2,5,12,6.285,0,6.285,0.000202120377697,0.07172220862956
97,113233,2,5,3,4.851,0,4.851,0.000111924690243,0.049091975493448
98,113234,2,3,3,8.093,0,8.093,0.000100084334756,0.049515110234299
99,113235,2,5,3,0,0,0,0.000139324471753,0.092668094150599
100,113237,2,5,12,46.734,180,226.734,0.000464573714267,0.112627004405294
101,113301,2,5,12,14.791,0,14.791,0.000222107259554,0.0655265294043
102,113303,2,5,12,50.502,11,61.502,0.000399357458521,0.097697530638667
103,113321,2,5,12,14.16,0,14.16,0.000102605252551,0.042304189971567
104,113322,2,5,12,10.187,0,10.187,0.000174850304416,0.06378760680783
105,113401,2,3,12,9.19,0,9.19,0.000239890581206,0.062743880161276
106,113421,2,3,3,35.109,0,35.109,0.000215786449216,0.067196098670841
107,113422,2,3,3,0,0,0,0.0001496661226,0.057185494666711
108,115101,2,3,12,5,0,5,0.000379914492703,0.078482908284268
109,115103,2,5,12,0,0,0,0.00014891246107,0.064890860235833
110,115104,2,3,12,12.361,0,12.361,9.9828877043e-05,0.058348049884021
111,115201,2,3,12,3.095,0,3.095,0.000134316273871,0.056279270866045
112,115202,2,3,12,25.674,97,122.674,0.00017039103751,0.058201141392153
113,115301,2,3,12,0,0,0,0.000160610385452,0.065396719787281
114,115302,2,3,12,16.898,0,16.898,8.1972518325e-05,0.036963305338112
115,115401,2,3,12,1,0,1,0.000186399121139,0.064517290043559
116,115403,2,3,12,10.379,0,10.379,6.8853675775e-05,0.033484066702063
117,115404,2,3,12,2.095,0,2.095,9.3270997041e-05,0.039177283741341
118,117101,2,3,7,16.274,0,16.274,7.6277638089e-05,0.035786151334815
119,117102,2,3,7,12.327,0,12.327,0.000101656270872,0.042656877744653
120,117201,2,3,7,7.034,0,7.034,7.7284634596e-05,0.039358414327045
121,117202,2,3,12,5,0,5,0.000177691352094,0.05394067876039
122,117301,2,3,12,0,0,0,0.000130339116387,0.047792340176545
123,117302,2,3,12,0,0,0,0.000200780389083,0.074931033514509
124,117303,2,3,12,49.22,0,49.22,0.000176173834501,0.054083313682896
125,117404,2,3,12,34.102,0,34.102,0.000172758482818,0.052746800604376
126,117405,2,3,7,2,0,2,1.9749474521e-05,0.018175926522568
127,117407,2,3,6,9,0,9,1.94060223e-05,0.018026901578313
128,117408,2,3,6,57.393,0,57.393,3.6837241557e-05,0.024472865061642
129,117510,2,3,7,14.946,0,14.946,3.2790561898e-05,0.025645372720633
130,117520,2,3,6,20.289,15,35.289,3.1870555423e-05,0.024241767793918
131,117530,2,3,6,70.839,0,70.839,5.4484171866e-05,0.030166765417889
132,119001,2,3,6,3.686,0,3.686,0.000104367683546,0.042473929599282
133,119002,2,3,6,19.422,0,19.422,0.00016576796474,0.065009795905823
134,119201,2,3,6,16.211,0,16.211,9.3183252561e-05,0.039062045799551
135,119202,2,3,6,2.095,0,2.095,9.4838774207e-05,0.050217321501238
136,119310,2,3,6,1.591,0,1.591,4.1971485613e-05,0.030474028688704
137,119320,2,3,6,3.181,0,3.181,4.8596871492e-05,0.028014661734455
138,119340,2,3,6,1.591,0,1.591,1.1952245416e-05,0.013846166207623
139,119341,2,3,6,7.829,0,7.829,3.1938204745e-05,0.026007313937465
140,119342,2,3,6,0,0,0,2.1438529381e-05,0.018866497048484
141,119400,2,3,6,0,0,0,0.000109752098429,0.042852161086272
142,119700,2,3,6,9.116,0,9.116,0.000128197392508,0.05859086296784
143,119800,2,3,6,20.212,0,20.212,0.000121536089552,0.045415609807038
144,119900,2,3,6,9.802,0,9.802,0.00010295176887,0.044269022956728
145,120010,2,3,6,7.276,0,7.276,5.5333616144e-05,0.03097515526236
146,120020,2,3,6,17.712,154,171.712,5.4014478905e-05,0.050321190135845
147,120030,2,3,6,20.165,0,20.165,3.5083163979e-05,0.023953750675184
148,120103,2,3,6,5.294,0,5.294,1.35505597e-05,0.016660080813667
149,120104,2,3,6,23.159,0,23.159,4.4407706636e-05,0.031189436625025
150,120105,2,3,6,6.116,0,6.116,5.3902528548e-05,0.047950056374951
151,120106,2,3,6,2.095,0,2.095,2.018277646e-05,0.018770100804897
152,120107,2,3,6,7,0,7,2.0280562567e-05,0.0187217549652
153,120108,2,3,6,19.513,0,19.513,3.7860370203e-05,0.025045617720748
154,120300,2,3,6,12.718,0,12.718,0.000168133851373,0.056632810222864
155,120400,2,3,6,5.777,0,5.777,0.000104272916252,0.0498976485423
156,121010,2,3,6,35.117,0,35.117,0.000198531223484,0.058273991757745
157,121020,2,3,2,0,0,0,8.0667961616e-05,0.039724211588402
158,121101,2,5,6,11.967,0,11.967,4.6205960508e-05,0.033083377142906
159,121102,2,3,6,57.58,0,57.58,0.000737892024638,0.113173478307651
160,121210,2,3,6,25.138,0,25.138,0.000199134938315,0.05655940305885
161,121221,2,3,6,9.684,0,9.684,4.9134840545e-05,0.034298198662098
162,121222,2,3,6,28.477,0,28.477,0.000131025339585,0.057202472285422
163,121600,2,3,2,5,0,5,0.000111448458698,0.047598212466791
164,121801,2,3,6,2,0,2,4.75117769e-05,0.031975016449928
165,121802,2,3,6,41.444,107,148.444,9.2973843525e-05,0.043621123173652
166,121900,2,3,6,29.957,176,205.957,0.000164933383236,0.059282008854877
167,122000,2,3,2,38.379,0,38.379,0.000320053418615,0.088805378322365
168,122120,2,3,6,16.187,0,16.187,7.0415728734e-05,0.042001030537318
169,122121,2,3,2,0,0,0,4.0300848076e-05,0.03808701507056
170,122122,2,3,6,97.874,56,153.874,0.000101009098144,0.047420245069431
171,122200,2,5,2,23.61,0,23.61,0.000166688107486,0.059080557679516
172,122410,2,3,2,13.655,0,13.655,6.91560341e-05,0.03345647578633
173,122420,2,3,2,17,0,17,8.4387271652e-05,0.036957319858794
174,123010,2,3,2,26.966,0,26.966,9.9364630441e-05,0.040390959550809
175,123020,2,3,2,26.086,0,26.086,5.532982415e-05,0.029723104862549
176,123103,2,3,2,41.736,0,41.736,8.8262270521e-05,0.040238684174477
177,123104,2,3,2,6.19,0,6.19,7.6442946943e-05,0.035359859951799
178,123203,2,3,2,10.562,0,10.562,5.7471974099e-05,0.037957457799075
179,123204,2,3,2,16.565,12,28.565,3.1708814203e-05,0.023256002169765
180,123205,2,3,2,17.964,0,17.964,7.41096878e-05,0.034609306738785
181,123206,2,3,2,17.654,0,17.654,5.8960554679e-05,0.031138938073581
182,123301,2,3,2,49.443,0,49.443,0.000127508440578,0.051215715116561
183,123303,2,3,2,16.09,0,16.09,6.1952058598e-05,0.037349861825953
184,123304,2,3,2,41.369,0,41.369,8.5980608731e-05,0.039070168573102
185,123410,2,3,2,9.781,0,9.781,4.8622270198e-05,0.028645914919599
186,123420,2,3,2,6.659,0,6.659,7.69443509e-05,0.043011091197086
187,123510,2,3,2,16.574,0,16.574,7.8094183655e-05,0.036327984768378
188,123520,2,3,2,7.589,0,7.589,4.9958622164e-05,0.038569048202589
189,123601,2,3,2,34.187,0,34.187,0.000149853390097,0.053287308549143
190,123602,2,3,2,1,0,1,9.0723791665e-05,0.041531874583142
191,123700,2,3,2,3.591,0,3.591,9.3134912249e-05,0.038893018660147
192,123800,2,3,2,47.376,16,63.376,0.000126102802538,0.05056226931683
193,123901,2,3,2,17.781,0,17.781,0.000126319766034,0.045591682910975
194,123902,2,3,2,30.658,0,30.658,6.4968442107e-05,0.034976119487795
195,124000,2,3,2,9.42,0,9.42,0.000131994909389,0.051168253340522
196,124102,2,3,2,8.484,0,8.484,6.3483071148e-05,0.032006029865167
197,124103,2,3,2,4.903,0,4.903,3.1681808137e-05,0.024720017272866
198,124104,2,3,2,13.979,0,13.979,3.1728598777e-05,0.024734020662134
199,124105,2,3,2,6.095,0,6.095,3.1735795279e-05,0.024740018374589
200,124201,2,3,2,9.093,0,9.093,9.5113576923e-05,0.039249032840649
201,124203,2,3,2,3.616,0,3.616,3.1707898959e-05,0.024732034313861
202,124204,2,3,2,6.998,0,6.998,3.1715447118e-05,0.024727036176869
203,124300,2,3,2,9.876,0,9.876,8.7125216083e-05,0.038589511025467
204,124400,2,3,2,15.073,0,15.073,9.5395686286e-05,0.039121197460391
205,124500,2,3,2,0,0,0,7.8997622535e-05,0.042477235119206
206,124600,2,3,4,4.851,0,4.851,0.000109502962379,0.042196225393196
207,124700,2,3,4,15.623,0,15.623,0.000133153943837,0.054570155883444
208,124902,2,3,2,5.724,0,5.724,3.3106036037e-05,0.025105838858889
209,124903,2,3,2,3.926,0,3.926,3.0446793862e-05,0.024417836743852
210,125100,2,3,2,4.926,0,4.926,0.000126972375569,0.046530246359573
211,125200,2,3,2,89.038,0,89.038,0.000127468784556,0.046537420980323
212,125310,2,3,2,32.241,0,32.241,0.000103036111674,0.060798344317296
213,125320,2,3,2,46.438,0,46.438,6.1838598488e-05,0.041994253188109
214,125401,2,3,2,11.494,0,11.494,3.8890597742e-05,0.030570922252664
215,125402,2,3,2,8.554,0,8.554,6.8071234798e-05,0.033841220658468
216,125501,2,3,2,19.535,0,19.535,4.5373719276e-05,0.028295074873259
217,125502,2,3,2,1.808,0,1.808,5.1115873355e-05,0.029141880828028
218,125600,2,3,4,7.232,0,7.232,9.9975147208e-05,0.044281077117598
219,127102,2,3,2,3.926,0,3.926,8.4048999932e-05,0.036675870615301
220,127103,2,3,2,30.181,0,30.181,2.7979888053e-05,0.022248654701863
221,127104,2,3,2,0,0,0,6.9237240674e-05,0.033989797179186
222,127210,2,3,6,29.768,0,29.768,0.000150782722964,0.059882898029109
223,127220,2,3,6,22.026,0,22.026,6.3864542599e-05,0.032062594471875
224,127300,2,3,6,50.995,0,50.995,0.000103250090267,0.043757339820661
225,127400,2,3,6,35.221,0,35.221,0.000213780622172,0.074780382047089
226,127520,2,3,6,51.731,0,51.731,3.5583190602e-05,0.024129281584194
227,127603,2,3,6,0,0,0,4.23475884e-05,0.030758689050173
228,127604,2,3,6,1,0,1,4.2581607376e-05,0.031289629044391
229,127605,2,3,6,30.155,0,30.155,6.3434702338e-05,0.03199301994381
230,127606,2,3,6,18.854,0,18.854,5.3415466311e-05,0.029266610382933
231,127711,2,3,6,9.797,0,9.797,9.2436326316e-05,0.039564576536318
232,127712,2,3,6,0,0,0,5.5518570484e-05,0.029546291598549
233,127803,2,3,6,21.622,0,21.622,6.2682558961e-05,0.0318582219985
234,127804,2,3,6,0,0,0,6.2416965186e-05,0.031761013560208
235,127805,2,3,6,2.926,0,2.926,6.0098968903e-05,0.042190018777796
236,127806,2,3,6,33.906,0,33.906,6.6813818533e-05,0.042957018363895
237,127910,2,3,6,9.629,0,9.629,6.3554963637e-05,0.032032917500054
238,127920,2,3,2,0,0,0,6.3449585856e-05,0.031996009806682
239,128101,2,3,2,4.19,0,4.19,6.3461895398e-05,0.031999009917015
240,128102,2,3,2,14.686,0,14.686,6.3453456333e-05,0.031999011546574
241,128210,2,3,6,47.017,55,102.017,5.3781620159e-05,0.029782012025107
242,128220,2,3,2,0,0,0,5.4331796462e-05,0.030520649622277
243,128302,2,3,6,11.785,0,11.785,6.7367234201e-05,0.038602541836095
244,128303,2,3,6,8.724,15,23.724,4.0480118854e-05,0.029784306290253
245,128400,2,3,4,62.662,0,62.662,0.000168765981946,0.069696484544313
246,128500,2,3,4,2.703,0,2.703,9.5214801424e-05,0.039304690744089
247,128601,2,3,4,25.398,0,25.398,6.6678676305e-05,0.043912653070342
248,128602,2,3,4,2,0,2,0.000110913695908,0.042867018015371
249,128702,2,3,4,0,0,0,0.000162374448655,0.052606346274602
250,128801,2,3,4,1,0,1,4.8117011074e-05,0.028390000019151
251,128802,2,3,4,1.808,0,1.808,9.4954120585e-05,0.040775696797792
252,128910,2,3,4,13.392,0,13.392,0.000130685576878,0.054706222587618
253,131010,2,3,12,3.095,0,3.095,0.000104352153093,0.043298724650705
254,131020,2,3,3,9.684,0,9.684,0.00014133204393,0.050937577681039
255,131100,2,3,6,3,0,3,0.000107790756627,0.041753972429659
256,131200,2,3,12,0,0,0,0.000110391168695,0.042747899188265
257,131300,2,3,12,3.517,0,3.517,0.000109372520199,0.042514953900421
258,131400,2,3,12,0,43,43,0.000108309068076,0.042270021090674
259,131600,2,3,3,7.285,0,7.285,0.000214329375435,0.059468469423516
260,131701,2,3,3,0,0,0,6.4526356411e-05,0.032243149203728
261,131702,2,3,3,17.16,0,17.16,7.0630608387e-05,0.033970261021256
262,131800,2,3,3,18.924,0,18.924,0.000128685906744,0.049638265869384
263,131900,2,3,6,0,0,0,0.000128943239614,0.049694048715486
264,132001,2,3,6,4.19,0,4.19,9.4736033302e-05,0.039144652251071
265,132002,2,3,6,6.591,0,6.591,0.000156509423587,0.063735049247937
266,132101,2,3,6,1,0,1,7.9269118502e-05,0.036356018208421
267,132102,2,3,6,12.057,0,12.057,0.000134134464474,0.054677139213581
268,132300,2,3,3,18.854,0,18.854,0.000125057654842,0.049285263609166
269,132501,2,3,3,35.494,0,35.494,6.8840657883e-05,0.033554568079303
270,132502,2,3,3,9.632,0,9.632,6.1106254391e-05,0.034271455847442
271,132700,2,3,3,16.673,0,16.673,0.000129225695491,0.049339575601662
272,132900,2,3,5,10.474,0,10.474,0.000116773300456,0.056642619614106
273,133000,2,3,3,10.214,0,10.214,9.8023974613e-05,0.04175954892382
274,133100,2,3,3,19.059,0,19.059,0.000148649767883,0.052375326744853
275,134001,2,3,3,6.781,0,6.781,5.7075807526e-05,0.034838414656526
276,134002,2,3,3,7.924,0,7.924,7.3705523366e-05,0.039801477944983
277,134101,2,3,3,0,0,0,0.000104262427013,0.04133607557239
278,134103,2,3,3,9.093,0,9.093,0.000102773572611,0.053098385281916
279,134104,2,3,3,2.808,0,2.808,6.338847911e-05,0.031981058027925
280,134201,2,3,3,21.896,0,21.896,0.00014348536792,0.049928760306207
281,134302,2,5,12,1.808,0,1.808,0.000127847945351,0.046115207156563
282,134303,2,3,3,31.971,0,31.971,0.00015358884244,0.052490275011372
283,134304,2,3,3,1,0,1,9.9826298997e-05,0.0402791458624
284,134305,2,3,3,5.926,0,5.926,3.4982843485e-05,0.025081233349761
285,134306,2,3,3,9.537,0,9.537,6.0633160403e-05,0.031235272130726
286,134421,2,3,12,2.095,0,2.095,0.000208789339043,0.058296608803965
287,134422,2,3,12,25.53,0,25.53,0.00022950334703,0.079129961198685
288,134423,2,5,12,6.285,0,6.285,0.00015329910503,0.056808967470023
289,134424,2,5,12,1.591,0,1.591,0.000363030187067,0.082835301578888
290,134520,2,3,3,36.351,0,36.351,9.4602931904e-05,0.040571106288702
291,134521,2,3,3,36.746,0,36.746,3.4411143811e-05,0.024121959509622
292,134522,2,3,3,2.095,0,2.095,6.0187008228e-05,0.031031973782653
293,134710,2,3,3,0,0,0,5.5816893275e-05,0.029884685428363
294,134720,2,3,3,6.285,0,6.285,9.6792630431e-05,0.040985174663248
295,134800,2,3,3,3,0,3,0.000183330155689,0.057776226208766
296,134901,2,3,3,7.285,0,7.285,0.000103862382987,0.04731486798234
297,134903,2,3,3,18.276,0,18.276,5.5382964364e-05,0.031855549814849
298,134904,2,3,3,8.041,0,8.041,0.000101690128692,0.04872137532367
299,134905,2,3,3,11.995,0,11.995,0.000252961373134,0.06929919122886
300,135102,2,3,12,0,0,0,0.000164243384814,0.055227595290355
301,135111,2,3,3,6.285,0,6.285,0.000102244805023,0.040142515775534
302,135113,2,3,3,2.095,0,2.095,6.2938221441e-05,0.041764994261833
303,135114,2,3,3,12.4,0,12.4,0.000124199392437,0.055821652921355
304,135201,2,3,12,21.51,0,21.51,0.000149806473678,0.054045183697025
305,135202,2,3,12,4.095,0,4.095,0.000172380761872,0.05264647250995
306,135203,2,3,12,3.798,0,3.798,0.000440206160561,0.100108809226628
307,137000,2,3,3,0,0,0,0.000158336107652,0.079653464802116
308,137103,2,3,3,4.517,0,4.517,7.4299351462e-05,0.03517642385641
309,137104,2,3,3,3.095,0,3.095,0.000250923902569,0.073002761575326
310,137201,2,3,3,1,0,1,0.000195229169741,0.05839633838096
311,137301,2,3,3,1,0,1,0.000157401554197,0.063838050365247
312,137302,2,3,3,6.285,0,6.285,0.000239269179205,0.077254529909523
313,137401,2,3,3,2.591,0,2.591,0.000232107836672,0.07911136448912
314,137402,2,3,3,7.19,0,7.19,0.000301406194779,0.096485096152067
315,137501,2,3,3,5.021,0,5.021,0.000245679282199,0.074889568520411
316,137502,2,3,3,10.811,0,10.811,0.000204366231154,0.058773478825066
317,137504,2,3,3,0,0,0,0.000375129652713,0.096875872914763
318,138000,2,3,3,2.095,0,2.095,0.000437189334668,0.095545082412474
319,139001,2,3,5,0,0,0,0.000121230400817,0.054797150441209
320,139200,2,3,5,0,0,0,0.000112649104094,0.042664256065696
321,139301,2,3,3,16.156,0,16.156,0.000280220173742,0.083976315357352
322,139302,2,3,3,4.021,0,4.021,3.3080314242e-05,0.023464991935837
323,139303,2,3,3,1,0,1,4.0634552153e-05,0.026536697713925
324,139401,2,3,3,13.797,0,13.797,8.8708574416e-05,0.039517203588646
325,139402,2,3,3,17.926,0,17.926,0.000238949689094,0.089536289736133
326,139502,2,3,5,2.926,0,2.926,0.00010241795004,0.051036386599456
327,139503,2,3,5,0,0,0,3.4389842769e-05,0.023975050457451
328,139504,2,3,5,1,0,1,2.8263119712e-05,0.023419521926535
329,139600,2,3,5,6.946,0,6.946,0.000242224451462,0.062708017803316
330,139701,2,3,5,9.021,0,9.021,0.000332325040437,0.098639367070161
331,139702,2,3,5,0,0,0,0.000918457709462,0.198543534807695
332,139703,2,3,3,3.181,0,3.181,0.000462240078688,0.122326111942872
333,139801,2,3,3,0,0,0,0.000358353135594,0.082901359788385
334,139802,2,3,3,0,0,0,0.000594025842588,0.139076950746165
335,141101,2,3,4,0,0,0,7.4209566392e-05,0.035129386794291
336,141102,2,3,4,1,0,1,7.613959673e-05,0.046016863414334
337,141201,2,3,4,15.892,0,15.892,6.8532618589e-05,0.037273781444192
338,141202,2,3,4,1,0,1,6.8442708703e-05,0.039067696120541
339,141302,2,3,4,6.829,0,6.829,0.000124202287857,0.050802488764661
340,141303,2,3,4,3.095,0,3.095,2.5603391895e-05,0.020835686392247
341,141304,2,3,4,4,0,4,6.9542470131e-05,0.04199974087403
342,141400,2,3,5,11.627,0,11.627,0.000195922693427,0.058024878283185
343,141500,2,3,5,0,0,0,0.000326088889928,0.093394030165982
344,141600,2,3,4,0,0,0,0.000376383052174,0.112914924208649
345,141700,2,3,4,0,0,0,0.000317044535452,0.097325460126763
346,143100,2,3,4,14.42,0,14.42,0.000173484746128,0.058022286980103
347,143200,2,3,2,10.187,0,10.187,9.3559530407e-05,0.043531363835099
348,143300,2,3,2,10.885,0,10.885,0.000161773963047,0.06118433371414
349,143400,2,3,2,7.777,0,7.777,0.000171794210537,0.066564201851045
350,143500,2,3,2,1,0,1,0.000121034820915,0.060454105126481
351,143602,2,3,2,5.808,0,5.808,0.000119136211345,0.051599983777456
352,143603,2,3,2,7.702,0,7.702,5.1363286342e-05,0.042647578087315
353,143604,2,3,2,22.706,0,22.706,5.4803970155e-05,0.043321348270778
354,143700,2,3,4,27.621,0,27.621,0.000331248953163,0.108158666196671
355,143800,2,3,2,0,0,0,0.000254910140022,0.111273436385876
356,143901,2,3,2,7.616,0,7.616,0.000517459738445,0.127118724077171
357,143902,2,3,4,4.406,0,4.406,0.000246986543018,0.101702607000618
358,181000,4,1,14,39.377,0,39.377,0.000404434738104,0.119240197501416
359,181300,4,1,14,24.078,0,24.078,0.000140638588277,0.063266330357666
360,181400,4,1,14,27.459,0,27.459,8.5930768369e-05,0.045383478233751
361,181500,4,1,14,9.707,0,9.707,0.000106995419869,0.055151541218539
362,181600,4,1,14,4.19,0,4.19,0.000122166794498,0.055126258664375
363,183101,4,1,14,19.524,0,19.524,9.4591476833e-05,0.050052898491078
364,183103,4,1,14,1,0,1,6.4162067406e-05,0.059272676777169
365,183104,4,1,14,2.095,0,2.095,6.591464081e-05,0.049705246812716
366,183220,4,1,14,0,0,0,5.2303126475e-05,0.040660937706829
367,183221,4,1,14,0,0,0,6.906919543e-05,0.03870019479493
368,183222,4,1,14,3.616,0,3.616,9.0730630343e-05,0.05175661374536
369,183300,4,1,14,8.093,0,8.093,5.2897156983e-05,0.030950647563598
370,183401,4,1,14,14.495,0,14.495,4.7428426479e-05,0.031629250767112
371,183402,4,1,14,19.28,0,19.28,5.017872336e-05,0.03325202890409
372,183510,4,1,1,17.706,0,17.706,4.8900578814e-05,0.032164247810264
373,183520,4,1,1,12.725,0,12.725,4.1791157508e-05,0.02845856772543
374,183610,4,1,1,23.223,0,23.223,3.6998468005e-05,0.028736187231856
375,183620,4,1,14,5.207,0,5.207,5.0564352831e-05,0.028630538736826
376,183701,4,1,14,37.001,0,37.001,5.3823586852e-05,0.037830126003995
377,183702,4,1,14,6.424,0,6.424,8.7151072258e-05,0.051527985318691
378,183810,4,1,1,5.808,0,5.808,4.4449553476e-05,0.03129986389802
379,183820,4,1,1,14.156,0,14.156,3.0157771089e-05,0.031994190390996
380,185100,4,1,1,38.823,0,38.823,0.000222571614667,0.076990017156219
381,185202,4,1,1,15.077,0,15.077,0.00011779063004,0.05292072052331
382,185203,4,1,1,22.174,0,22.174,5.3538775078e-05,0.036361419353392
383,185204,4,1,1,19.149,0,19.149,9.4159241584e-05,0.053019194223602
384,185310,4,1,1,5.424,0,5.424,4.1135000229e-05,0.036871928476565
385,185320,4,1,1,12.327,0,12.327,5.7624236881e-05,0.04222433532738
386,186100,4,1,14,10.082,0,10.082,0.000131671373992,0.066531514514482
387,186201,4,1,1,8.734,0,8.734,5.1012327383e-05,0.036778924768393
388,186202,4,1,1,24.208,0,24.208,3.9894524958e-05,0.033633751277022
389,186203,4,1,1,16.586,0,16.586,8.2344878633e-05,0.048169230541214
390,186301,4,1,13,2.926,0,2.926,0.000113560660551,0.056077681210501
391,186302,4,1,1,16.759,0,16.759,0.000164715791727,0.053741576784944
392,186401,4,1,13,19.35,0,19.35,9.39076752e-05,0.054916544030557
393,186403,4,1,1,37.692,0,37.692,5.277368249e-05,0.03524140701534
394,186404,4,1,1,13.803,0,13.803,3.9194165875e-05,0.026043064641368
395,187101,4,1,13,14.397,0,14.397,7.7008621972e-05,0.038792180003938
396,187102,4,1,13,18.24,0,18.24,0.000214697072101,0.114301773756426
397,187200,4,1,13,14.038,0,14.038,9.299960185e-05,0.047252044882621
398,187300,4,1,13,18.607,0,18.607,0.000114074740232,0.057041271169578
399,188100,4,3,13,38.29,0,38.29,0.000207686153645,0.074527503345893
400,188201,4,3,4,5.399,0,5.399,7.585963303e-05,0.053310211074095
401,188202,4,3,4,3,0,3,7.4140345636e-05,0.036603627542232
402,188300,4,3,13,6.276,0,6.276,9.0182888547e-05,0.037833532671979
403,189101,4,3,4,7.734,0,7.734,3.8615429523e-05,0.024891107225508
404,189102,4,3,4,5,0,5,6.1009384729e-05,0.03566178495909
405,189201,4,3,4,19.296,0,19.296,3.182156256e-05,0.024797183302009
406,189202,4,3,4,3.616,0,3.616,0.000100927747954,0.052664892107338
407,189300,4,3,4,2,0,2,0.000185646012623,0.078308700828693
408,189400,4,3,4,10.7,10,20.7,0.000141383927002,0.086787576300629
409,189500,4,3,4,3.095,0,3.095,5.7862020007e-05,0.039246674626279
410,189600,4,3,4,24.264,0,24.264,0.000105580722717,0.060998931625871
411,189701,4,3,4,9.959,0,9.959,0.000424715723344,0.116437939405895
412,189702,4,3,4,12.108,0,12.108,0.000142745586552,0.068689274951913
413,189800,4,3,4,11,0,11,7.1292595513e-05,0.038905829020087
414,189902,4,3,4,9.734,0,9.734,3.5660294052e-05,0.02689303801123
415,189903,4,3,4,3,0,3,8.203775478e-06,0.012913361481517
416,189904,4,3,4,12.58,0,12.58,1.5592623085e-05,0.0160052025582
417,189905,4,3,4,19.218,0,19.218,2.5241854599e-05,0.020846287453753
418,190100,4,3,13,36.389,0,36.389,5.8677374216e-05,0.032531423727922
419,190201,4,3,13,16.851,8,24.851,2.2164414818e-05,0.021514034248332
420,190202,4,3,13,38.214,0,38.214,2.0651246953e-05,0.020562056965966
421,190301,4,3,13,5.926,9,14.926,3.9413915423e-05,0.038796122922257
422,190401,4,3,13,5.108,0,5.108,1.6309240603e-05,0.016213397897788
423,190402,4,3,13,6.808,0,6.808,1.5353311333e-05,0.01577611639746
424,190510,4,3,13,10.926,0,10.926,3.1105958914e-05,0.024984772982682
425,190520,4,3,13,1.808,0,1.808,2.3834262654e-05,0.020372688776122
426,190700,4,3,13,83.406,29,112.406,6.277000224e-05,0.038390799823645
427,190801,4,3,13,139.223,0,139.223,3.1670422503e-05,0.023242205680543
428,190802,4,3,13,38.219,0,38.219,4.7552329328e-05,0.027619202415301
429,190901,4,3,13,71.059,100,171.059,4.7888074276e-05,0.027730587784581
430,190902,4,3,13,28.312,0,28.312,4.757478452e-05,0.027631338358829
431,191000,4,3,13,52.251,101,153.251,6.3378111034e-05,0.034461679227532
432,191110,4,3,13,24.214,0,24.214,2.6645934542e-05,0.023558517720874
433,191120,4,3,13,22.389,0,22.389,3.7088558964e-05,0.025931672985589
434,191201,4,3,13,29.959,0,29.959,5.5909413634e-05,0.030289319587455
435,191203,4,3,13,24.522,0,24.522,2.0046717501e-05,0.017906522409656
436,191204,4,3,13,6.989,0,6.989,1.9644004911e-05,0.017743560675367
437,191301,4,3,13,50.807,9,59.807,2.6721369841e-05,0.027040397264315
438,191302,4,3,13,24.011,0,24.011,4.1273807073e-05,0.028323994812214
439,191410,4,3,13,12.11,0,12.11,3.0417635454e-05,0.022864350618115
440,191420,4,2,13,6,0,6,2.2190929982e-05,0.020608224027718
441,191500,4,3,13,16.808,0,16.808,6.2652380033e-05,0.031263909583506
442,191610,4,2,13,79.067,0,79.067,4.0790315868e-05,0.028470333913696
443,191620,4,3,13,38.517,0,38.517,2.2388635109e-05,0.021027268745004
444,191710,4,3,13,12.819,0,12.819,6.9220176877e-05,0.040698122848194
445,191720,4,3,13,6.923,0,6.923,2.5820840334e-05,0.021291069861312
446,191810,4,3,13,48.704,0,48.704,3.9488865606e-05,0.029036135226661
447,191820,4,3,13,44.004,0,44.004,3.9534896774e-05,0.029048206028003
448,191901,4,3,4,55.198,16,71.198,7.5527933506e-05,0.03631416751989
449,191902,4,3,5,24.839,0,24.839,7.094427646e-05,0.035458879629931
450,192001,4,3,5,18.919,0,18.919,5.1846809051e-05,0.03479249709684
451,192002,4,3,5,19.107,0,19.107,8.3840236501e-05,0.039536343548967
452,192300,4,3,4,5,0,5,8.5904114805e-05,0.038307779781626
453,192410,4,3,4,4,0,4,6.6799695829e-05,0.032903201064194
454,192420,4,2,4,1,0,1,3.1734990269e-05,0.023272614383112
455,192510,4,2,13,14.574,0,14.574,3.3282629705e-05,0.023876688944339
456,192520,4,2,13,1,0,1,3.0064684309e-05,0.022848268409846
457,192610,4,2,13,81.814,0,81.814,4.0575362284e-05,0.028017799760926
458,192620,4,2,13,31.512,0,31.512,2.3788951421e-05,0.022904239552585
459,192700,4,2,13,117.051,128,245.051,5.1885245293e-05,0.028849703894169
460,194101,4,3,4,7.371,0,7.371,0.000248453205824,0.102437820660652
461,194102,4,3,4,15.278,0,15.278,0.000342352041919,0.114999103995686
462,194200,4,3,4,0,0,0,0.000254338835209,0.088751046795398
463,194300,4,3,4,0,0,0,0.000241239472651,0.105529349325861
464,194401,4,3,5,6.926,0,6.926,4.5495018633e-05,0.028651631990092
465,194402,4,3,5,9.851,0,9.851,5.7550059535e-05,0.04316740852216
466,194500,4,3,5,49.926,0,49.926,6.6939005263e-05,0.04712883128514
467,195100,4,1,4,1.808,0,1.808,0.0001851799806,0.065486304474439
468,195201,4,3,4,0,0,0,5.8704961502e-05,0.04188824064011
469,195202,4,3,4,3.686,0,3.686,8.577955224e-05,0.043421792398127
470,195300,4,3,4,26.129,0,26.129,5.6698333518e-05,0.034568618966075
471,195400,4,1,13,27.939,0,27.939,0.000100646452383,0.052005856334473
472,195500,4,1,13,21.868,0,21.868,0.000118706340795,0.058773671810293
473,195600,4,1,13,34.442,42,76.442,5.1531876492e-05,0.034455138521064
474,195710,4,1,13,45.047,243,288.047,4.7213716882e-05,0.029270023072722
475,195720,4,1,13,30.321,0,30.321,2.8181355971e-05,0.024684250513586
476,195802,4,1,13,56.527,0,56.527,3.9313600888e-05,0.030971974559806
477,195803,4,1,13,6.19,0,6.19,3.6862626673e-05,0.026312164278629
478,195804,4,1,13,30.765,0,30.765,3.2804220411e-05,0.023007179290844
479,195901,4,1,13,7.494,0,7.494,2.8414599379e-05,0.023859848815138
480,195902,4,1,13,0,0,0,3.3963659223e-05,0.024301749390964
481,195903,4,1,13,13.612,0,13.612,2.3255063331e-05,0.019937235274034
482,197200,4,1,13,20.447,0,20.447,7.6152911814e-05,0.044956710433809
483,197300,4,1,13,1.703,0,1.703,6.3904320436e-05,0.045096786052046
484,197410,4,1,13,8.494,0,8.494,0.000136162151427,0.055533337101594
485,197420,4,1,13,4,70,74,6.0128742222e-05,0.034087516558547
486,197500,4,1,1,79.625,31,110.625,6.255304421e-05,0.031141508341262
487,197600,4,1,1,30.227,0,30.227,3.7921898659e-05,0.030472689928725
488,197700,4,1,1,2,0,2,6.8536260146e-05,0.04239397326588
489,199000,4,1,1,101.763,0,101.763,0.00015243406448,0.056395551090091
490,199110,4,1,14,2.095,69,71.095,8.8111923546e-05,0.042965387822624
491,199120,4,1,1,23.745,0,23.745,9.3938920294e-05,0.049285629329324
492,199201,4,1,1,35.259,0,35.259,3.8598517676e-05,0.02735291986107
493,199202,4,1,1,1,0,1,9.3193421438e-05,0.055101223053478
494,199300,4,1,1,8.211,0,8.211,0.000253162654546,0.095127378030029
495,199400,4,1,1,17.227,0,17.227,6.8097256479e-05,0.049720956479488
496,199700,4,1,1,18.133,0,18.133,9.4787760907e-05,0.041617587566722
497,199800,4,1,1,8.596,0,8.596,6.3604829705e-05,0.033063343415406
498,199900,4,1,1,14.569,0,14.569,4.3263836915e-05,0.031152049549701
499,201110,4,1,14,14.325,0,14.325,9.9046957029e-05,0.048568825801209
500,201120,4,1,14,14.664,0,14.664,7.7232668079e-05,0.0428288786075
501,201200,4,1,14,12.305,0,12.305,4.3048551943e-05,0.032282307559751
502,201301,4,1,14,19.989,0,19.989,8.5256765549e-05,0.059828761086744
503,201302,4,1,14,3.686,0,3.686,9.688566326e-05,0.044220077851631
504,201401,4,1,14,12.983,0,12.983,0.000127153357736,0.046766298207198
505,201402,4,1,14,6.494,0,6.494,0.000189584887456,0.057611527799033
506,201501,4,1,14,14.569,0,14.569,8.6602540469e-05,0.043125401788244
507,201503,4,1,14,2,0,2,4.291714641e-05,0.028137524844992
508,201504,4,1,14,11.266,0,11.266,3.5978072582e-05,0.029474544286347
509,201601,4,1,14,9.589,0,9.589,5.2780154408e-05,0.032519107089686
510,201602,4,1,14,33.561,0,33.561,0.000104095132841,0.058026511986925
511,201700,4,1,14,7.876,0,7.876,0.000165510542744,0.06573914652694
512,203100,4,1,14,0,0,0,6.4200203674e-05,0.035454182012314
513,203200,4,1,14,2.926,0,2.926,5.0382451856e-05,0.031586164092346
514,203300,4,1,14,22.343,0,22.343,0.000145678220545,0.047924926452836
515,203500,4,1,14,41.838,0,41.838,0.000161874755702,0.055698846473841
516,203600,4,1,14,3,14,17,5.4035667263e-05,0.032466346334289
517,203710,4,1,14,0,0,0,2.7541822575e-05,0.023518361518822
518,203720,4,1,14,3,0,3,3.134557535e-05,0.024494772511138
519,203800,4,1,14,4.19,0,4.19,4.7586616299e-05,0.028113078188978
520,203900,4,1,14,17.122,0,17.122,4.3818268224e-05,0.036609155693541
521,204110,4,1,14,15.19,0,15.19,5.8946751281e-05,0.03093210748431
522,204120,4,1,14,0,0,0,2.5713937041e-05,0.021431771093718
523,204200,4,1,14,3,0,3,2.9407108762e-05,0.023510339768501
524,204300,4,1,14,11.995,0,11.995,6.2821472498e-05,0.033122297461846
525,204410,4,1,14,6.998,0,6.998,2.8985971957e-05,0.022526796998326
526,204420,4,1,14,3,119,122,2.9491519116e-05,0.022826172587782
527,204600,4,1,14,29.532,0,29.532,5.6719410874e-05,0.03565379661854
528,204700,4,1,14,48.877,0,48.877,9.8699262847e-05,0.040109973818657
529,204810,4,1,14,11.44,0,11.44,7.5122236882e-05,0.037184767882646
530,204820,4,1,14,9.797,0,9.797,3.126391124e-05,0.025928274734847
531,204910,4,1,14,3,0,3,5.0596314769e-05,0.028685631984459
532,204920,4,1,14,32.919,0,32.919,8.8817375457e-05,0.038662811133693
533,205110,4,1,14,5.591,0,5.591,2.8010836827e-05,0.028676879691421
534,205120,4,1,14,35.09,72,107.09,0.000143102059576,0.060493954497018
535,206010,4,1,1,20.392,0,20.392,0.000140504255671,0.063401388858888
536,206020,4,1,14,22.479,0,22.479,8.5064228879e-05,0.036447135073153
537,206031,4,1,14,139.374,0,139.374,0.000461995322178,0.106405582589539
538,206032,4,1,14,85.273,78,163.273,9.5980405141e-05,0.040967571679168
539,206050,4,1,14,41.411,0,41.411,0.000169812441534,0.073223796518597
540,206200,4,1,14,519.496,81,600.496,5.6506609763e-05,0.034520987606019
541,206300,4,2,14,1211.044,2018,3229.044,6.0204676342e-05,0.039430530573294
542,207101,4,1,1,64.642,0,64.642,2.9314092686e-05,0.023247101763899
543,207102,4,1,1,189.201,0,189.201,4.0529734825e-05,0.029765334804731
544,207103,4,1,1,10.749,0,10.749,3.1653438466e-05,0.03034666209562
545,207301,4,1,14,148.438,447,595.438,4.199263118e-05,0.036680051153128
546,207302,4,1,14,59.553,0,59.553,2.5011044469e-05,0.024768844275145
547,207400,4,1,14,129.025,0,129.025,8.4895994245e-05,0.045933438796012
548,207501,4,1,14,18.926,0,18.926,1.3116686058e-05,0.015066297543769
549,207502,4,1,14,54.845,0,54.845,4.0851955829e-05,0.028043362380636
550,207710,4,1,14,100.845,52,152.845,0.000107551832868,0.052827978689408
551,207900,4,1,14,81.412,0,81.412,8.8167602833e-05,0.039296841630825
552,208000,4,1,1,27.792,0,27.792,9.4839633616e-05,0.042898680329703
553,208301,4,1,13,2.808,0,2.808,9.077181327e-06,0.015528223257218
554,208302,4,1,13,3.686,96,99.686,4.296556354e-05,0.028957431856606
555,208401,4,1,13,5.629,0,5.629,2.2429324538e-05,0.01909520224829
556,208402,4,1,13,43.831,0,43.831,3.3321247883e-05,0.026142774414914
557,208501,4,1,13,27.754,0,27.754,2.3753415323e-05,0.020155110858945
558,208502,4,1,13,19.107,0,19.107,2.5493217002e-05,0.02064451881228
559,208610,4,1,13,21.806,0,21.806,3.419642695e-05,0.02445225931662
560,208620,4,1,13,8.819,0,8.819,3.167480567e-05,0.024483627930055
561,208710,4,2,1,9.362,0,9.362,1.6639527424e-05,0.016776694898994
562,208720,4,2,1,25.314,186,211.314,1.6087170345e-05,0.020277058624169
563,208801,4,1,1,264.416,0,264.416,2.6215306766e-05,0.023287507024275
564,208802,4,1,1,12.288,0,12.288,2.0653384421e-05,0.022960751299512
565,208902,4,1,1,14.028,0,14.028,1.7971955696e-05,0.017258328364947
566,208903,4,1,1,34.872,168,202.872,1.5554753335e-05,0.020786220791507
567,208904,4,1,1,6,0,6,1.094718736e-05,0.0136762584727
568,209102,4,1,1,29.153,29,58.153,2.9767345462e-05,0.025072003304764
569,209103,4,1,1,1,0,1,1.2110028701e-05,0.014039670358498
570,209104,4,1,1,1.808,98,99.808,6.831487068e-06,0.011561096606542
571,209200,4,1,1,31.245,0,31.245,4.0151949844e-05,0.026588987196961
572,209300,4,1,1,50.596,0,50.596,2.9909175737e-05,0.024807756287473
573,209401,4,1,1,47.157,0,47.157,2.1059241385e-05,0.019270886206753
574,209402,4,1,1,25.22,0,25.22,1.3302726268e-05,0.014674545889851
575,209403,4,1,1,16.383,0,16.383,1.3494468851e-05,0.014784737543867
576,209510,4,1,1,33.743,0,33.743,1.7818619913e-05,0.017462403485717
577,209520,4,1,1,44.443,0,44.443,2.2572086863e-05,0.019803677282877
578,209810,4,1,1,4.851,0,4.851,1.4629371102e-05,0.016196436764352
579,209820,4,1,1,1.926,0,1.926,1.7487555663e-05,0.017337174251171
580,210010,4,1,1,35.427,0,35.427,3.9896553606e-05,0.027179080933382
581,211000,4,3,4,8.777,0,8.777,0.00025946233733,0.076904493060129
582,211120,4,2,13,49.304,0,49.304,5.537957417e-05,0.031925686623787
583,211121,4,2,13,33.06,0,33.06,2.0893743572e-05,0.021974339915662
584,211122,4,2,13,71.46,0,71.46,3.5702379204e-05,0.024370804592471
585,211201,4,2,13,1.926,0,1.926,1.3611906028e-05,0.014799896667053
586,211202,4,2,13,2.926,0,2.926,1.7499031502e-05,0.016911379940631
587,211310,4,2,13,0,0,0,1.4058621628e-05,0.015005852975262
588,211320,4,2,13,7.612,0,7.612,1.819217443e-05,0.017251417021355
589,211410,4,2,10,8.257,0,8.257,2.6447499928e-05,0.021830276285307
590,211420,4,2,10,1.926,0,1.926,3.7218208899e-05,0.024781519914204
591,211500,4,3,4,9.48,0,9.48,8.8782370165e-05,0.040425967123424
592,211701,4,3,4,2.926,0,2.926,6.3625963627e-05,0.031891278755114
593,211703,4,2,4,7.777,0,7.777,1.7980102757e-05,0.017307148480155
594,211704,4,2,10,8.629,0,8.629,1.8061091486e-05,0.017474993020558
595,211802,4,2,10,40.735,0,40.735,3.1778964761e-05,0.024744336898291
596,211803,4,2,10,6.58,0,6.58,1.3626322554e-05,0.014766143024301
597,211804,4,2,10,13.145,0,13.145,1.8160809616e-05,0.017264225393074
598,211910,4,2,10,2.703,0,2.703,1.3473747118e-05,0.014683119352376
599,211921,4,2,10,23.038,0,23.038,9.049715901e-06,0.012246088467599
600,211922,4,2,10,3.511,0,3.511,9.072040117e-06,0.012257078987003
601,212101,4,2,10,10.926,0,10.926,1.814252956e-05,0.017256144082174
602,212102,4,2,10,6.997,0,6.997,1.354053051e-05,0.014720146795668
603,212202,4,2,1,2,0,2,2.0161864399e-05,0.0202930986788
604,212203,4,2,10,14.101,0,14.101,1.038192086e-05,0.013221802395638
605,212204,4,2,1,65.237,0,65.237,2.0817988105e-05,0.018747979471413
606,212303,4,2,10,7,0,7,1.5199022534e-05,0.015604158538379
607,212304,4,2,10,4.511,0,4.511,2.0084958456e-05,0.019191047475397
608,212305,4,2,10,13.778,0,13.778,1.0551675737e-05,0.013093047778227
609,212306,4,2,10,12.232,0,12.232,1.5811299596e-05,0.016254167531256
610,212410,4,2,10,2,0,2,1.5349564992e-05,0.016699005501584
611,212420,4,2,10,3.926,0,3.926,1.4008000656e-05,0.015070087749333
612,212501,4,2,10,2.095,0,2.095,7.772407117e-06,0.011263103246448
613,212502,4,2,10,29.449,0,29.449,2.7838601462e-05,0.024335253257185
614,212610,4,2,4,14.102,0,14.102,3.487699334e-05,0.026336442127252
615,212620,4,2,4,2.808,0,2.808,2.8183092756e-05,0.024799396218357
616,212701,4,2,4,3.903,0,3.903,4.585628729e-05,0.032371522230403
617,212702,4,2,4,3.903,0,3.903,8.5992938404e-05,0.041520380512907
618,212800,4,2,10,13.019,0,13.019,7.6285799979e-05,0.035881918278436
619,212900,4,2,10,17.611,0,17.611,3.6480352222e-05,0.027753937454116
620,213100,4,2,10,17.052,0,17.052,5.2437741489e-05,0.031894262564839
621,213201,4,2,10,33.514,0,33.514,3.2705142112e-05,0.025667545566464
622,213202,4,2,10,1,0,1,3.2994585911e-05,0.025411235355978
623,213310,4,2,1,9.48,0,9.48,3.04730336e-05,0.022935734500332
624,213320,4,2,1,19.959,0,19.959,3.0409645861e-05,0.022993506391525
625,213401,4,2,1,6.772,0,6.772,1.914812963e-05,0.019865321703789
626,213402,4,2,1,4.851,0,4.851,3.826012589e-05,0.025315306341098
627,214000,4,3,5,11.777,0,11.777,9.8795365927e-05,0.03974447678352
628,214100,4,3,5,7.734,0,7.734,0.000108244040168,0.042089593540947
629,214400,4,3,5,14.552,0,14.552,3.3623707213e-05,0.024628233518586
630,214501,4,3,4,13.554,0,13.554,7.3477762017e-05,0.042055459594419
631,214502,4,3,4,2.926,0,2.926,2.5215315132e-05,0.024279780342887
632,214503,4,3,4,2,0,2,2.2687521483e-05,0.021654545254136
633,214600,4,3,5,8,0,8,5.6762476623e-05,0.030735491948132
634,214700,4,3,5,4.703,0,4.703,5.7945277638e-05,0.031293087976579
635,214800,4,3,5,6.926,0,6.926,5.6341383911e-05,0.032525531774575
636,214901,4,3,5,0,0,0,3.0538535793e-05,0.022672257878574
637,214902,4,3,5,14.389,0,14.389,4.949891123e-05,0.0294977859161
638,215101,4,3,4,11.777,0,11.777,3.4668585736e-05,0.0330926335086
639,215102,4,3,4,4,0,4,2.5165844637e-05,0.023572425023159
640,216100,4,2,4,3.926,0,3.926,6.5915891086e-05,0.034005089805226
641,216200,4,2,4,3.095,0,3.095,9.4174077646e-05,0.04228795235122
642,216300,4,2,5,1,0,1,0.000124297320847,0.059710923789192
643,216401,5,3,5,7.629,0,7.629,4.003314203e-05,0.025895970024387
644,216402,5,3,5,1,0,1,2.2405815035e-05,0.019695553993649
645,216700,4,2,10,3.616,0,3.616,7.5958177927e-05,0.035140876228292
646,216800,4,2,5,10.517,0,10.517,7.2243696194e-05,0.035525823095655
647,216900,4,2,10,26.204,0,26.204,0.000106873332969,0.044330197694959
648,217001,5,2,5,3.926,0,3.926,5.3560983537e-05,0.032280152440561
649,217002,5,2,5,32.431,0,32.431,7.5313626877e-05,0.034614180424198
650,217100,4,2,10,8.285,0,8.285,8.7664281622e-05,0.039077364015745
651,217200,4,2,10,1,0,1,8.973755923e-05,0.046806582159271
652,218110,4,2,10,22.89,17,39.89,5.8444158189e-05,0.03925916136929
653,218120,4,2,10,58.831,14,72.831,4.3467472551e-05,0.026356868135414
654,218210,4,2,10,4.19,0,4.19,3.7928469465e-05,0.026556760387616
655,218220,4,2,10,8.903,0,8.903,6.568558832e-05,0.036318230546898
656,218300,4,2,10,24.102,0,24.102,8.7947630308e-05,0.054001556126625
657,218400,6,2,10,20.949,0,20.949,6.4107602595e-05,0.038159941147362
658,218500,6,2,10,11.558,18,29.558,5.1107916344e-05,0.034062401738353
659,218600,6,2,10,2.095,0,2.095,4.2016447177e-05,0.027750240130187
660,218701,6,2,10,8.211,0,8.211,5.3685770676e-05,0.033451547131304
661,218702,6,2,10,14.404,0,14.404,3.5111689242e-05,0.032373452999658
662,218800,6,2,10,30.907,0,30.907,4.0187747492e-05,0.028133183184386
663,218900,6,2,10,29.256,0,29.256,6.8667216493e-05,0.035573477232503
664,219010,6,2,10,22.176,0,22.176,4.3034342497e-05,0.029317292767057
665,219020,6,2,10,46.405,0,46.405,7.0912782584e-05,0.034450861957413
666,219300,6,2,10,14.207,0,14.207,6.3626269193e-05,0.032986918987989
667,219500,6,2,10,26.434,0,26.434,5.4425203393e-05,0.032286155119926
668,219700,6,2,10,16.419,0,16.419,0.000106644141489,0.049996498630843
669,219800,6,2,10,24.839,0,24.839,4.3550598536e-05,0.029019250717201
670,219901,6,2,10,26.111,0,26.111,5.1238790466e-05,0.0301634607919
671,219902,6,2,10,14.901,0,14.901,7.8174234526e-05,0.040678186351384
672,220000,6,2,10,20.379,0,20.379,9.4862181411e-05,0.038564243530785
673,220100,6,2,10,4.926,0,4.926,9.5697464079e-05,0.054398309852906
674,221110,4,2,1,13.723,0,13.723,2.2869312318e-05,0.021532656430835
675,221120,4,2,1,6.332,0,6.332,3.0998382635e-05,0.023157796487183
676,221210,4,2,10,14.261,0,14.261,3.5029170386e-05,0.024903564876462
677,221220,4,2,1,45.879,0,45.879,6.4380466753e-05,0.031865625382103
678,221302,4,2,10,51.581,0,51.581,4.512000837e-05,0.032146442862665
679,221303,4,2,10,24.935,0,24.935,2.2843466854e-05,0.019954181837907
680,221304,4,2,10,1.591,0,1.591,2.218779736e-05,0.019365375139654
681,221401,6,2,10,62.828,0,62.828,5.2941792678e-05,0.029357183920207
682,221402,6,2,10,1.808,0,1.808,5.1968796186e-05,0.041139308268398
683,221500,6,2,8,13.509,0,13.509,3.7167366483e-05,0.025950970030378
684,221601,6,2,8,21.271,0,21.271,3.6110656662e-05,0.025722753099271
685,221602,6,2,1,25.87,0,25.87,5.1041565811e-05,0.038423113840643
686,221710,6,1,8,21.332,0,21.332,3.2016387644e-05,0.024762300366374
687,221810,6,2,8,19.685,0,19.685,2.970894285e-05,0.022909119798992
688,221820,6,2,9,1,0,1,1.993992883e-05,0.017636641964665
689,221900,6,2,9,2,0,2,3.9996459918e-05,0.033262641160244
690,222001,6,2,10,12.187,0,12.187,4.6299184577e-05,0.028075381724923
691,222002,6,2,8,23.19,0,23.19,6.400223532e-05,0.032878164387959
692,222100,6,2,8,31.433,0,31.433,4.6751543013e-05,0.033170826368313
693,222200,6,2,8,11.896,0,11.896,4.7039742087e-05,0.033310291903393
694,222500,6,2,8,5.591,0,5.591,6.3686343425e-05,0.032058938617626
695,222600,6,2,8,6.424,0,6.424,6.3635069927e-05,0.031983921077883
696,222700,6,2,9,102.393,0,102.393,7.9784834612e-05,0.041459826718168
697,224010,4,1,14,60.512,0,60.512,8.1069756616e-05,0.042866975768648
698,224020,4,1,9,43.091,0,43.091,0.000120298524043,0.045763787096595
699,224200,4,1,1,26.972,0,26.972,3.5925732398e-05,0.026125567588605
700,224310,4,1,1,1.703,0,1.703,1.7651771293e-05,0.01961000099271
701,224320,4,1,1,17.213,0,17.213,2.8365471518e-05,0.024826808159415
702,224410,6,1,1,21.719,0,21.719,4.4292628212e-05,0.031827552148887
703,224420,6,1,1,41.861,0,41.861,3.5014917296e-05,0.026534045069463
704,224600,6,1,9,90.432,267,357.432,7.017393073e-05,0.034027853025274
705,224700,6,1,9,61.691,0,61.691,6.2065123403e-05,0.032327225523036
706,226001,4,2,9,175.487,0,175.487,0.000101079515615,0.059308089471966
707,226002,4,2,14,492.605,97,589.605,0.00025065149537,0.064943728105774
708,226410,6,2,9,21.842,0,21.842,2.7573732593e-05,0.02135974859546
709,226420,6,2,9,14.207,0,14.207,4.1673166574e-05,0.026678059508095
710,226700,6,2,9,31.018,0,31.018,7.6397060938e-05,0.037320821973886
711,227010,6,2,9,37.907,0,37.907,5.6532707926e-05,0.036961098933444
712,227020,6,2,9,1.703,0,1.703,4.2956731618e-05,0.02790987256192
713,228100,6,2,9,36.238,0,36.238,9.7920250722e-05,0.045423718122882
714,228210,6,2,9,4.903,0,4.903,4.0115211375e-05,0.027657464462474
715,228220,6,2,9,26.41,0,26.41,3.5739360952e-05,0.028017495323521
716,228310,6,2,9,25.219,0,25.219,5.331913915e-05,0.034746229282941
717,228320,6,2,9,22.422,0,22.422,3.2893650033e-05,0.032764790135871
718,228410,6,2,9,5.903,0,5.903,2.710483744e-05,0.021485353218421
719,228420,6,2,9,15.01,0,15.01,2.7071692475e-05,0.023400160964658
720,228500,6,2,9,72.585,0,72.585,4.3806076885e-05,0.028105542758848
721,228600,6,2,9,13.61,0,13.61,5.1425640862e-05,0.029276870475267
722,228710,6,2,9,20.973,0,20.973,3.95007932e-05,0.026889755677014
723,228720,6,2,9,7.777,0,7.777,3.9438656641e-05,0.026856480769795
724,228800,6,2,9,46.676,0,46.676,8.2407629798e-05,0.036961433618791
725,228900,6,2,9,45.649,0,45.649,5.0301473354e-05,0.029742687175494
726,229100,6,2,9,107.605,0,107.605,4.6353224556e-05,0.02804613281777
727,229200,6,2,9,25.337,0,25.337,4.3490128701e-05,0.027451779700409
728,229300,6,2,9,12.302,0,12.302,4.9077001137e-05,0.029151604828488
729,229410,6,2,9,38.808,0,38.808,5.2927483693e-05,0.029594439573142
730,229420,6,2,9,16.816,0,16.816,5.6999477628e-05,0.030544682281714
731,231100,6,2,9,284.263,277,561.263,8.7261686545e-05,0.03927820085573
732,231210,6,2,8,0,0,0,3.1298658734e-05,0.023210059762573
733,231220,6,2,9,29.759,191,220.759,9.4202395739e-05,0.040607702461052
734,231300,6,2,8,31.188,0,31.188,6.4168009092e-05,0.03216935283217
735,231400,6,2,8,0,0,0,6.0613356221e-05,0.031177183344463
736,231500,6,2,8,11.093,0,11.093,8.9707551528e-05,0.039364130352635
737,231600,6,2,9,20.919,22,42.919,9.3168146203e-05,0.040335786124636
738,231710,6,2,9,78.329,0,78.329,3.1599071038e-05,0.023280680751441
739,231720,6,2,9,40.187,0,40.187,4.608718513e-05,0.027148449554365
740,231800,6,2,9,24.436,0,24.436,5.0773411543e-05,0.028519938280831
741,231900,6,2,9,109.708,0,109.708,5.5510152444e-05,0.029979665345441
742,232110,6,2,9,25.605,0,25.605,3.7085034508e-05,0.025618815449095
743,232120,6,2,9,69.307,0,69.307,5.0926682129e-05,0.028889132111416
744,232200,6,2,9,12.827,0,12.827,5.10334599e-05,0.034216218984415
745,232300,6,2,9,14.686,9,23.686,6.1355554693e-05,0.036090236621866
746,232400,6,2,8,45.865,29,74.865,0.000108605884214,0.042419163914218
747,232500,6,2,8,21.889,85,106.889,7.4907864265e-05,0.037090918297113
748,232600,6,2,9,6.181,0,6.181,7.7599700212e-05,0.038133864617888
749,232700,6,2,9,102.936,204,306.936,7.1349154595e-05,0.035313838928585
750,232800,6,2,9,98.091,0,98.091,4.1628873108e-05,0.026115390818868
751,234000,6,2,10,8.379,0,8.379,0.000121205162915,0.051822488119245
752,234200,6,2,10,38.139,0,38.139,8.6174517234e-05,0.038525913579655
753,234300,6,2,10,73.827,0,73.827,8.4934130025e-05,0.037427248811044
754,234501,6,2,8,13.4,0,13.4,7.3361605411e-05,0.040050513389627
755,234502,6,2,8,17.582,21,38.582,5.3170703237e-05,0.03709429351444
756,234600,6,2,8,73.576,7,80.576,0.000127224861832,0.055919264977439
757,234700,6,2,8,15.586,0,15.586,7.2402659788e-05,0.047497643569314
758,234800,6,2,8,46.997,0,46.997,6.3825270569e-05,0.032096693577686
759,234901,6,2,8,19.94,0,19.94,3.1748580817e-05,0.023264526466839
760,234902,6,2,8,6.998,0,6.998,4.368148493e-05,0.029948408471963
761,235100,6,2,8,4.021,0,4.021,0.000115273585235,0.05683109144283
762,235201,6,2,8,4.686,7,11.686,6.3665566305e-05,0.032224550649199
763,235202,6,2,8,13.803,0,13.803,8.3072587155e-05,0.039219887833097
764,236000,6,2,10,3.851,0,3.851,0.000392490134789,0.094799776677611
765,236100,6,2,10,20.147,0,20.147,0.000110353128104,0.045081562105375
766,236202,6,2,10,28.618,0,28.618,4.3137316602e-05,0.027770725462386
767,236203,6,2,10,9.116,0,9.116,3.3120599978e-05,0.03302442880869
768,236204,6,2,10,6.095,0,6.095,2.2435179892e-05,0.019737251867671
769,236400,6,2,8,0,0,0,0.000130821687976,0.058898140106238
770,237101,6,2,9,12.309,0,12.309,6.1364532141e-05,0.031360676247769
771,237102,6,2,9,75.425,0,75.425,4.4877470139e-05,0.026972000980433
772,237201,6,2,9,41.734,0,41.734,4.4237871159e-05,0.026608107322849
773,237202,6,2,8,32.58,0,32.58,0.000108154381362,0.044635197901566
774,237300,6,2,8,30.44,72,102.44,9.7335950628e-05,0.041348837534116
775,237401,6,2,8,17.706,0,17.706,5.0351534025e-05,0.028457308637267
776,237402,6,2,8,8.701,0,8.701,5.0851234943e-05,0.028629173716378
777,237500,6,2,8,53.47,0,53.47,3.2909574256e-05,0.024132256674268
778,237600,6,2,8,51.94,0,51.94,4.9145030269e-05,0.028168712044325
779,237710,6,2,8,35.081,0,35.081,4.2170592854e-05,0.029438546079256
780,237720,6,2,8,7.406,0,7.406,3.1725514592e-05,0.027627459965348
781,237800,6,2,8,4,0,4,9.4896874664e-05,0.040457418165749
782,237900,6,2,8,2,0,2,9.55790403e-05,0.040827072218929
783,238000,6,2,8,17.914,0,17.914,0.000162239393536,0.063912290292527
784,238100,6,2,8,9.19,62,71.19,9.5958006578e-05,0.040838117446328
785,238200,6,2,8,7.19,0,7.19,0.000100140652589,0.042495253920051
786,238310,6,2,8,34.863,0,34.863,3.873242233e-05,0.029213394687177
787,238320,6,2,8,39.904,458,497.904,4.5676705428e-05,0.030214900688035
788,238400,6,2,8,22.786,0,22.786,0.000126947026046,0.04951012227659
789,239201,6,2,9,88.163,0,88.163,4.3893047999e-05,0.026608514932623
790,239202,6,2,9,61.612,0,61.612,0.000124459013215,0.04943109888633
791,239310,6,2,9,28.165,0,28.165,5.218115677e-05,0.028833272762918
792,239320,6,2,9,10.724,0,10.724,3.3860561158e-05,0.024221101421413
793,239330,6,2,9,17.065,0,17.065,9.5563699601e-05,0.041296725074001
794,239501,6,2,9,7.095,0,7.095,4.6261294109e-05,0.033446331614561
795,239502,6,2,9,3,0,3,4.9840061585e-05,0.034114156002107
796,239601,6,2,9,33.75,0,33.75,4.1193288607e-05,0.030094255471385
797,239602,6,2,9,50.962,0,50.962,3.4932884757e-05,0.029218793930048
798,239701,6,2,9,33.309,19,52.309,3.9964288105e-05,0.029811721968249
799,239702,6,2,9,62.31,0,62.31,4.7431768401e-05,0.031389717994432
800,239801,6,2,9,12.967,0,12.967,3.6166316274e-05,0.03174711378496
801,239802,6,2,9,19.778,0,19.778,5.9446622427e-05,0.035286340785253
802,240010,6,2,9,7.276,0,7.276,5.7394262914e-05,0.038817737850816
803,240020,6,2,9,9.19,0,9.19,7.0205800355e-05,0.040566611129669
804,240200,6,2,8,24,0,24,7.2840160642e-05,0.033940313655761
805,240300,6,2,8,37.15,0,37.15,7.9348029651e-05,0.036676553616814
806,240401,6,2,8,17.133,25,42.133,6.7635372224e-05,0.03506012205508
807,240402,6,2,8,57.583,0,57.583,5.8640046841e-05,0.034605404776685
808,240500,6,2,8,29.722,24,53.722,7.919685618e-05,0.036483922409102
809,240600,6,2,8,28.919,0,28.919,6.5913039746e-05,0.03321929372619
810,240700,6,2,8,96.433,0,96.433,0.000116492929398,0.045029631853825
811,240800,6,2,8,25.771,0,25.771,6.2259116251e-05,0.04215623807902
812,240900,6,2,8,43.683,0,43.683,0.000104375831586,0.044155914640901
813,241001,6,2,15,76.403,0,76.403,8.8446056636e-05,0.058723578431884
814,241002,6,2,15,61.451,0,61.451,6.8961216186e-05,0.041082361704277
815,241110,6,2,8,13.586,0,13.586,4.7453189764e-05,0.030383416090477
816,241120,6,2,8,5.798,0,5.798,6.4682651319e-05,0.033892426609843
817,241201,6,2,8,6.686,0,6.686,4.7383829323e-05,0.031922526865525
818,241202,6,2,8,3.686,0,3.686,0.000113461978967,0.042389825189998
819,241300,6,2,15,34.19,0,34.19,5.0908091612e-05,0.03091738487784
820,241400,6,2,15,81.366,0,81.366,5.6058237388e-05,0.034063399888919
821,242000,6,2,15,8.998,232,240.998,6.3066812328e-05,0.031553403686691
822,242100,6,2,15,12.276,0,12.276,2.6894519954e-05,0.032615951316978
823,242200,6,2,15,9.711,0,9.711,7.931185356e-05,0.038593564051764
824,242300,6,2,15,12.579,0,12.579,6.1445490895e-05,0.033534510783756
825,242600,6,2,15,97.022,0,97.022,4.6413326596e-05,0.027797756350403
826,242700,6,2,15,10.19,0,10.19,9.899650202e-05,0.041878536634917
827,243000,6,2,15,22.343,0,22.343,6.9953826138e-05,0.033538839778726
828,243100,6,2,15,34.19,0,34.19,5.9189089254e-05,0.032197763289045
829,261101,5,3,4,0,0,0,0.000653489494081,0.190172410414712
830,261102,5,3,5,5.903,0,5.903,0.000775812400974,0.1657308711142
831,261200,5,3,5,2.095,0,2.095,0.000741806308271,0.176798541802105
832,262100,5,3,5,0,0,0,0.000856832692976,0.209218292465786
833,262200,5,3,5,0,0,0,0.000836670988301,0.151255222742693
834,262301,5,3,11,3.399,0,3.399,0.001276160729979,0.21896417875444
835,262302,5,3,11,0,0,0,0.000298627466884,0.094184540907868
836,262303,5,3,11,1.808,0,1.808,0.000255310802169,0.086756627060872
837,262400,5,3,11,0,0,0,0.001100821947153,0.218141903864019
838,262501,5,3,11,0,0,0,0.000159974231547,0.059967317944859
839,262601,5,3,11,0,0,0,0.00036066129991,0.106181090438794
840,262604,5,3,11,26.439,0,26.439,0.000551668987014,0.158893046036606
841,262704,5,3,11,42.831,0,42.831,0.000181135057015,0.076737572697277
842,262706,5,3,11,14.798,0,14.798,0.000208584264662,0.063492683365587
843,262802,5,3,11,17.058,0,17.058,0.000321622956989,0.111849986589859
844,264000,5,3,11,1.926,0,1.926,0.000182405781446,0.07082348905183
845,264102,5,3,11,0,0,0,3.8716842919e-05,0.029744135391963
846,264103,5,3,11,2.808,0,2.808,2.2509865394e-05,0.022807221519487
847,264301,5,3,11,15.562,0,15.562,4.1025142675e-05,0.02693982428219
848,264302,5,3,11,14.722,0,14.722,0.00016501751493,0.068843887728506
849,265100,5,3,5,2,0,2,0.000230714517618,0.073916412522067
850,265201,5,3,5,4.181,0,4.181,4.2854235346e-05,0.03469813804026
851,265202,5,3,5,38.181,0,38.181,5.6182783518e-05,0.036064800514421
852,265301,5,3,5,15.102,0,15.102,0.000155856498219,0.061414006428061
853,265303,5,3,5,0,0,0,1.4453778311e-05,0.016554443280903
854,265304,5,3,5,2.926,0,2.926,1.2792030253e-05,0.017223513937521
855,265305,5,3,5,11.116,0,11.116,3.0351779014e-05,0.029346838924364
856,265410,5,3,11,1,0,1,5.4979946711e-05,0.043125929955317
857,265420,5,3,5,0,0,0,7.1369492578e-05,0.037055658329046
858,265510,5,3,5,12.585,0,12.585,3.7445123045e-05,0.025213998129614
859,265520,5,3,5,45.119,0,45.119,7.4942496072e-05,0.041214722255293
860,265601,5,3,5,16.127,0,16.127,6.0844201244e-05,0.034798360847845
861,265602,5,3,5,2.591,0,2.591,3.2801744543e-05,0.028597891587314
862,265700,5,3,5,5,0,5,0.000120418236964,0.046850617382983
863,267100,5,3,5,10.777,0,10.777,0.00010779444869,0.04343502381913
864,267200,5,3,5,39.989,0,39.989,0.000114957593353,0.045660059843046
865,267300,5,3,11,41.658,0,41.658,4.1981636318e-05,0.026369068369678
866,267402,5,3,11,16.872,0,16.872,4.1868884653e-05,0.027068936545989
867,267403,5,3,11,4.926,120,124.926,2.3970937301e-05,0.02362488909698
868,267404,5,3,11,6.851,0,6.851,2.7772102871e-05,0.022140378708214
869,267501,5,3,11,14.61,0,14.61,4.4309963978e-05,0.027650247633266
870,267502,5,3,11,28.059,0,28.059,4.2439604267e-05,0.027295055253796
871,267600,5,3,11,24.772,0,24.772,0.000123930262201,0.046702742219715
872,267700,5,2,11,17.389,0,17.389,7.9373747765e-05,0.036605528037828
873,267800,5,3,5,20.595,169,189.595,0.000112387513677,0.046108649142364
874,267901,5,3,5,0,0,0,0.000109329621794,0.045462860664054
875,267902,5,3,5,2.591,0,2.591,7.5969075768e-05,0.039622182919362
876,269000,5,2,5,11.166,0,11.166,0.000222954685424,0.088588853457272
877,269100,5,2,5,6.021,0,6.021,8.1949913304e-05,0.038036668176659
878,269300,5,2,5,3.591,0,3.591,0.000215620009668,0.06127261080038
879,269500,5,2,5,1.808,0,1.808,0.00013616592227,0.053044109207389
880,269601,5,2,10,14.516,0,14.516,3.2575415753e-05,0.022591417128043
881,269602,5,2,10,1.808,0,1.808,2.8371454525e-05,0.021854798466992
882,269700,5,2,10,16.073,0,16.073,8.7629083953e-05,0.045631748397437
883,269800,5,2,5,18.277,0,18.277,4.559719702e-05,0.037277555206032
884,269903,5,2,5,15.463,0,15.463,2.7703632128e-05,0.022996250672321
885,269904,5,2,5,28.217,0,28.217,3.293185612e-05,0.027174504208407
886,269905,5,2,5,23.664,0,23.664,2.3233745936e-05,0.025090622175777
887,269906,5,2,5,10.11,0,10.11,2.0302900638e-05,0.02261638078276
888,269907,5,2,5,13.371,0,13.371,2.701965135e-05,0.023593718641467
889,270100,5,2,5,38.858,0,38.858,5.5714464262e-05,0.041364580265745
890,270200,5,2,10,62.831,4,66.831,7.4603303815e-05,0.045740018582986
891,270300,4,2,10,39.305,0,39.305,9.5338811733e-05,0.041856293231715
892,271100,5,2,5,37.363,0,37.363,7.8525242954e-05,0.045232140860363
893,271200,5,2,11,27.38,0,27.38,5.1195226976e-05,0.043558418866104
894,271300,5,2,11,19.4,0,19.4,0.000142768263337,0.060006792896166
895,271400,5,2,11,6.285,0,6.285,0.000112142511378,0.044324138944843
896,271500,5,2,11,1.591,3,4.591,8.8826412766e-05,0.03964750819454
897,271600,5,2,11,4.095,0,4.095,8.8201079705e-05,0.038484244094881
898,271701,5,2,5,1,0,1,9.7327175012e-05,0.042235917896978
899,271702,5,2,5,37.865,0,37.865,6.9143735543e-05,0.040033038998234
900,271801,5,2,5,5.616,0,5.616,4.7121657311e-05,0.029137479233089
901,271802,5,2,5,9.302,0,9.302,5.6358663051e-05,0.03064644609502
902,271901,5,2,11,1,0,1,6.395886269e-05,0.032366553824949
903,271902,5,2,11,0,0,0,9.0197748559e-05,0.038565617693994
904,272100,5,2,11,1.808,0,1.808,0.000117037248342,0.04529433778376
905,272201,5,2,11,29.767,5,34.767,2.5372275765e-05,0.02031536899965
906,272202,5,2,11,20.999,0,20.999,3.0208552231e-05,0.026882988766865
907,272301,5,2,11,4.19,0,4.19,5.8946750691e-05,0.038484042468259
908,272302,5,2,11,1.926,0,1.926,4.9294296434e-05,0.032062117552005
909,273100,5,3,11,53.964,0,53.964,0.000114736401057,0.047625335880733
910,273200,5,3,11,110.094,36,146.094,6.2639379251e-05,0.034704837161194
911,273300,5,3,11,232.108,21,253.108,5.5805020231e-05,0.034207599196828
912,273402,5,3,11,202.621,0,202.621,5.9992304093e-05,0.034868858817425
913,273502,5,3,11,121.93,0,121.93,5.8666842619e-05,0.034036083602664
914,273600,5,3,11,71.881,0,71.881,5.7438478989e-05,0.033233742581712
915,273700,5,3,11,8.379,0,8.379,6.7366906346e-05,0.033602534101099
916,273800,5,2,11,43.029,0,43.029,7.2364703197e-05,0.051685905828296
917,273902,5,3,11,43.603,71,114.603,9.1947157621e-05,0.043801054558049
918,274100,5,2,11,30.368,0,30.368,6.127865245e-05,0.044456707924087
919,274202,5,3,11,25.228,0,25.228,0.000121338918813,0.075528654817781
920,275101,5,2,11,18.011,0,18.011,3.4137439032e-05,0.030627080303684
921,275102,5,2,11,28.213,0,28.213,6.0329131464e-05,0.036615842611752
922,275200,5,2,11,3.926,0,3.926,4.5286036967e-05,0.032340596383098
923,275302,5,2,11,21.035,0,21.035,0.000175546789822,0.055251218798514
924,275311,5,2,11,19.801,0,19.801,0.000126079704382,0.051770517120278
925,275400,5,2,11,22.515,0,22.515,7.3276589607e-05,0.040239164917528
926,275500,5,2,11,16.185,0,16.185,7.6865687505e-05,0.035635202972402
927,275602,5,2,11,26.34,0,26.34,0.000252371890993,0.08726249020877
928,275603,5,2,11,44.497,0,44.497,0.000100313550719,0.051989980845106
929,276000,5,2,11,15.368,0,15.368,0.000228113193508,0.067542629576477
930,276100,5,2,11,30.908,0,30.908,9.5795664782e-05,0.079630700952915
931,276400,5,2,11,3.903,0,3.903,0.000124466316993,0.047181306168541
932,276500,5,2,11,5.998,18,23.998,0.000116271540502,0.045683624102434
933,276601,5,4,11,14.7,0,14.7,0.000218467743913,0.071144345451882
934,276603,5,4,11,26.66,0,26.66,4.4346826656e-05,0.031071802248965
935,276604,5,4,11,23.47,0,23.47,8.1771476675e-05,0.050093072328876
936,277000,5,2,11,8.203,0,8.203,0.000224264242064,0.063558861686421
937,277100,5,2,11,36.468,0,36.468,0.000120635877541,0.048037802108862
938,277200,5,2,11,32.841,0,32.841,0.000101610830505,0.044235217818195
939,277400,5,2,11,420.677,0,420.677,6.2313578795e-05,0.03154592937366
940,278001,5,2,11,35.886,0,35.886,0.000157499051904,0.080177408432292
941,278102,5,4,11,13.426,0,13.426,0.000177759333462,0.09284710479806
942,291110,8,2,15,5.442,0,5.442,6.9352759037e-05,0.035289140968603
943,291120,8,2,15,25.996,0,25.996,6.8354913438e-05,0.033298206653631
944,291130,8,2,15,5.19,0,5.19,0.000125884902125,0.04655949902331
945,291210,8,2,15,7.946,0,7.946,0.000121108468901,0.045916042429517
946,291220,8,2,15,8.368,0,8.368,7.9778750707e-05,0.036932713196156
947,291300,8,2,15,65.119,0,65.119,0.000234197312901,0.096642776027439
948,292000,8,4,15,20.662,0,20.662,0.000389715707079,0.096278833403155
949,293201,8,4,15,10.463,0,10.463,0.000104269617299,0.041639654439967
950,293202,8,4,15,14.585,0,14.585,0.000102485910134,0.042679133162671
951,293301,8,4,15,0,0,0,8.2278201058e-05,0.042268586983339
952,293302,8,4,15,0,0,0,0.000108980771188,0.045439366391785
953,293304,8,4,15,28.972,0,28.972,5.5441377242e-05,0.030194360116146
954,293306,8,4,15,0,0,0,6.1187353987e-05,0.035661546381688
955,293307,8,4,15,10.953,0,10.953,3.2850605575e-05,0.028062245269841
956,294110,8,4,15,1,0,1,9.6502887552e-05,0.049848053801371
957,294120,8,4,15,23.622,0,23.622,0.000151970732431,0.052899775179028
958,294200,8,4,15,13,0,13,9.2853597916e-05,0.03924909890342
959,294301,8,4,15,12.205,0,12.205,6.9417539171e-05,0.035490513741911
960,294302,8,4,15,10.19,0,10.19,8.1798565112e-05,0.043678845578455
961,294410,8,4,15,42.677,0,42.677,8.1171775614e-05,0.038862319796707
962,294421,8,4,15,27.778,0,27.778,6.469946209e-05,0.048051848218632
963,294510,8,4,15,14.653,0,14.653,5.0447049037e-05,0.029116218505807
964,294520,8,4,15,37.301,0,37.301,4.7122796872e-05,0.028086982317805
965,294610,8,4,15,8.998,0,8.998,8.0194234226e-05,0.036070218611302
966,294620,8,4,15,68.377,0,68.377,8.1926120362e-05,0.038733865366261
967,294701,8,4,15,62.127,40,102.127,0.000170526582765,0.059856997675192
968,294810,8,4,15,24.708,0,24.708,3.1193228412e-05,0.022602931519351
969,294820,8,4,15,26.143,0,26.143,3.7327767377e-05,0.024697437216831
970,294830,8,4,15,93.602,0,93.602,8.6222439292e-05,0.041568884757774
971,294900,8,4,15,3.095,0,3.095,6.2734707826e-05,0.040432698555997
972,295103,8,4,15,24.693,0,24.693,0.000200282078997,0.079549719924517
973,296210,8,4,15,13.77,0,13.77,5.4441582923e-05,0.028804191125532
974,296220,8,4,15,41.12,0,41.12,5.2185609543e-05,0.029071539882041
975,296300,8,4,15,43.492,0,43.492,0.000103404112392,0.052721815300352
976,296401,8,4,15,1.808,0,1.808,9.6127445513e-05,0.042642270102702
977,296402,8,4,15,9.379,0,9.379,0.000101691039462,0.051277061176588
978,296500,8,4,15,15.75,0,15.75,8.8364437562e-05,0.041830237975978
979,296600,8,4,15,54.578,119,173.578,8.1915383354e-05,0.036621335735079
980,296901,8,4,15,0,0,0,6.0055018344e-05,0.035555299135844
981,296902,8,4,15,19.393,59,78.393,4.7740916926e-05,0.037282640842465
982,297000,8,4,15,0,0,0,0.000140603429722,0.057553332944383
983,297110,8,4,15,88.264,0,88.264,4.7425740396e-05,0.02763726338072
984,297120,8,4,15,21.575,0,21.575,4.3090019194e-05,0.030500107416596
985,297201,8,4,15,4,0,4,3.9295815002e-05,0.02488765429109
986,297202,8,4,15,0,0,0,5.6010219122e-05,0.030343240981858
987,297300,8,4,15,0,0,0,0.000118784699918,0.057239723077974
988,297400,8,4,15,4.591,0,4.591,0.000203697898545,0.065719434208892
989,297500,8,4,15,8.379,0,8.379,0.000197763869077,0.065684173753378
990,297601,8,4,15,5.19,0,5.19,7.2151384025e-05,0.059343926250058
991,297602,8,4,15,1.808,0,1.808,6.0506719971e-05,0.035505479362731
992,609900,8,4,15,23.223,0,23.223,5.2668961777e-05,0.043077499479106
993,702901,5,4,11,30.598,0,30.598,0.000367189894372,0.079770049438792
994,930401,2,3,3,2,0,2,0.000135978577257,0.055944937941378
995,980008,2,3,6,4.19,0,4.19,0.000329599186085,0.100545627632717
996,980009,4,3,4,69.054,0,69.054,0.002078844915778,0.244308399360694
997,980010,4,1,1,1,0,1,0.000374209196448,0.109044167788279
998,980014,8,4,15,148.844,0,148.844,0.000666897278693,0.216585969481898
999,980015,8,4,15,23.57,0,23.57,0.000535187235332,0.107805678612343
1000,980019,5,3,11,0,0,0,0.004314504755348,0.461746029376601
1001,980020,2,5,7,0,0,0,0.000834881559424,0.192553835987324
1002,980021,2,3,7,62.676,0,62.676,0.000679539732799,0.162454592230757
1003,980022,2,5,12,0,0,0,0.000615474961173,0.120552947029193
1004,980023,2,5,12,0,0,0,0.00051064871156,0.123232662621616
